abstract_id	author	affiliation	presenter
120942	Katja Kleinberg	Binghamton University, USA	y
120944	Jason Kuo	National Taiwan University, Taiwan	n
120944	Michael Plouffe	University College London, United Kingdom	y
120946	Thomas Scotto	University of Strathclyde, United Kingdom	n
120946	Kathleen Powers	Dartmouth College, USA	y
120946	Jason Reifler	University of Exeter, United Kingdom	n
120948	Alexandra Guisinger	Temple University, USA	y
129534	Dalston Ward	ETH Zurich, Switzerland	n
129534	Dominik Hangartner	ETH Zurich, Switzerland. ETH Zurich and London School of Economics, Switzerland	y
129534	Joelle Pianzola	ETH Zurich, Switzerland	n
131984	Kaat Smets	Royal Holloway, University of London, United Kingdom	n
131984	Mary Stegmaier	University of Missouri, USA	y
131984	Michael Lewis-Beck	University of Iowa, USA	n
133452	Debbie Lisle	Queen's University Belfast, United Kingdom	NA
75417	Michael Breen	Dublin City University, Ireland	y
75417	Patrick Egan	Tulane University, USA	n
75433	Roxanne Schuster	University of Mannheim, Germany	n
75433	Nourhan Elsayed	University of Mannheim, Germany	y
75527	Kristin M. Bakke	University College London (UCL), United Kingdom	n
75527	Kit Rickard	University College London (UCL), United Kingdom	y
75567	Lukas Stoetzer	University of Zürich, Switzerland	y
75567	Richard Traunmüller	University of Frankfurt, Germany. University of Mannheim, Germany	n
75567	Lucas Leemann	University of Zürich, Switzerland. University of Zurich, Switzerland	n
75587	Anup Phayal	University of North Carolina Wilmington, USA	n
75587	Brandon Prins	University of Tennessee, Knoxville, USA	y
75593	Alrik Thiem	University of Lucerne, Switzerland	y
75593	Lusine Mkrtchyan	University of Lucerne, Switzerland	n
75664	Adam Scharpf	GIGA-German Institute of Global and Area Studies, Germany	y
75664	Christian Glaessel	University of Mannheim, Germany	n
75684	Lasse Aaskoven	University of Essex, Department of Government, United Kingdom	y
75694	Marta Antonetti	Trinity College Dublin, Ireland	y
75866	Christine Bell	University of Ediburgh, United Kingdom	n
75866	Kevin McNicholl	University of Ediburgh, United Kingdom	y
75912	Miles Kellerman	University of Oxford, United Kingdom	y
75917	Cameron G. Thies	Arizona State University, USA	n
75917	Babak RezaeeDaryakenari	Sabanci University, Turkey	y
76036	Shannon Schumacher	University of California, Santa Barbara, USA	y
76036	Shahana Chattaraj	Centre for Policy Research , India	n
76036	Narayani Lasala-Blanco	Arizona State University , USA	n
76317	Megan Stewart	American University, USA	y
76317	Karin Kitchens	Virginia Tech, USA	n
76323	Amy (Yunyu) Chiang	University of Pittsburgh, USA	n
76380	Adrian Florea	University of Glasgow, United Kingdom	n
76380	Stephen Powell	University of Glasgow, United Kingdom	y
76417	Chiara Superti	Columbia University , USA	y
76417	Filippo Teoldi	Columbia University , USA	n
76417	Hadas Aron	New York University, USA	y
76570	Anil Kumar Vaddiraju	Institute for Social and Economic Change, Bangalore, India	y
76582	Chris Den Hartog	Cal Poly, USA	n
76582	Timothy Nokken	Texas Tech University, USA	y
77071	Pablo Beramendi	Duke University, USA	n
77071	Soomin Oh	Duke University, USA	n
77071	Melissa Rogers	Claremont Graduate University, USA	y
77175	Huangting Yan	University of Essex, United Kingdom	y
77224	Jonathan Slapin	University of Essex, United Kingdom	y
77224	Manuel Fernández	University of Essex, United Kingdom	n
77224	Sonia Bhalotra	University of Essex, United Kingdom	n
77305	James Snyder	Harvard University, USA	y
77305	Michael Olson	Havard University, USA	n
77465	Gerald Schneider	University of Konstanz, Germany	y
77465	Paulina Pospieszna	University of Poznan, Poland	n
77540	Jay Krehbiel	West Virginia University, USA	y
77543	Barry Maydom	Birkbeck College, University of London, United Kingdom	y
77591	Paul Tromp	KU Leuven, Belgium	n
77591	Dick Houtman	KU Leuven, Belgium	n
77591	Anna Kulkova	KU Leuven, Belgium	y
77592	Carl Henrik Knutsen	University of Oslo, Norway	n
77592	Magnus Bergli Rasmussen	Institute for Social Research, Norway. Institute for social research, Norway	y
77594	Magnus Bergli Rasmussen	Institute for Social Research, Norway. Institute for social research, Norway	y
77725	Anjali Thomas Bohlken	Georgia Institute of Technology, USA	y
77725	Jonathan Darsey	Georgia Institute of Technology, USA	n
77750	Hadas Aron	New York University, USA	y
77750	Emily Holland	United States Naval Academy , USA	y
78004	Takashi Suzuki	MeijiGakuin University, Japan	y
78077	Laura Seelkopf	Ludwig Maximilians Universität, Germany	y
78077	Philipp Genschel	European University Institute, Italy	n
78077	Julian Limberg	European University Institute, Italy	n
78363	Peter John	KCL, United Kingdom	y
78363	Gabriel Leon	KCL, United Kingdom. Kings College London, United Kingdom	y
78489	Diane Bolet	London School of Economics and Political Science, United Kingdom	y
78491	Diane Bolet	London School of Economics and Political Science, United Kingdom	y
78526	Asif Hameed	Carleton University, Canada	y
78612	Abelardo Gómez Díaz	Universitat Pompeu Fabra, Spain	y
78612	Jana Katharina Müller	Deutscher Bundestag, Germany	n
78661	Jan Berz	Leuphana University Lüneburg, Germany	y
78985	André Walter	University of St. Gallen, Switzerland	y
78985	Patrick Emmenegger	University of St. Gallen, Switzerland	n
78985	Lucas Leemann	University of Zürich, Switzerland. University of Zurich, Switzerland	n
78993	André Walter	University of St. Gallen, Switzerland	y
79120	Julia Gray	University of Pennsylvania, USA	y
79628	Thorin Wright	Arizona State University, USA	y
79628	Rebecca Cordell	Arizona State University, USA	n
79633	Bradley Smith	Vanderbilt University, USA	y
79640	Anita Bodlos	University of Vienna, Austria	n
79640	Laurenz Ennser-Jedenastik	University of Vienna, Austria	y
79640	Christina Gahn	University of Vienna, Austria	n
79640	Martin Haselmayer	University of Vienna, Austria	n
79728	Justin Nicholson	University of Rochester, USA	y
79760	Jacque Gao	University of Rochester, USA	y
79931	Martijn Schoonvelde	University College Dublin, Ireland	y
79931	Gijs Schumacher	University of Amsterdam, Netherlands	n
79931	Denise Traber	University of Luzern, Switzerland. University of Lucerne, Switzerland	y
80029	Alex Armand	Universidad de Navarra, Spain	n
80029	Joseph Gomes	Universidad de Navarra, Spain	n
80029	Paul Atwell	University of Michigan, USA	y
80092	Roberto Barbosa de Andrade Aragão	University of Amsterdam, Netherlands	y
80092	Lukas Linsi	University of Groningen , Netherlands	y
80390	Erik Gartzke	University of California, San Diego, USA. UCSD, USA	n
80390	Patrick Hulme	University of California, San Diego, USA. UCSD, USA	n
80390	Matthew Millard	University of California, San Diego, USA	y
80522	Erik Gartzke	University of California, San Diego, USA. UCSD, USA	y
80522	Patrick Hulme	University of California, San Diego, USA. UCSD, USA	y
80570	Jisun An	Qatar Computing Research Institute, Qatar	n
80570	Andreas Jungherr	University of Konstanz, Germany	y
80570	Oliver Posegga	University of Bamberg, Germany	n
80613	Hannah Chapman	Miami University, USA	y
80613	Theodore Gerber	University of Wisconsin-Madison, USA	n
80771	Jae-Jae Spoon	University of Pittsburgh, USA	y
80771	Heike Kluever	Humboldt University, Germany	y
80847	Ana Alonso Curbelo	University of Glasgow, United Kingdom	y
80849	Or Tuttnauer	Mannheimer Zentrum für Europäische Sozialforschung, Germany	y
80849	Simone Wegmann	University of Geneva, Switzerland. University of Bremen, Germany	n
80858	Guido Tiemann	Institute for Advanced Studies, Austria	y
80858	Marcel Fink	Institute for Advanced Studies, Austria	y
80858	Peter Grand	Institute for Advanced Studies, Austria	y
80913	Christopher Williams	University of Arkansas at Little Rock, USA	y
80913	Rebeccca Glazier	University of Arkansas at Little Rock, USA	n
81096	Anthony Kevins	School of Governance, Utrecht University, Netherlands	y
81146	Raymond Duch	University of Oxford, United Kingdom	n
81146	Paulina Granados	Superintendencia de Pensiones, Chile	n
81146	Denise Laroze	Universidad de Santiago de Chile, Chile	y
81146	Mauricio Lopez	Universidad de Santiago de Chile, Chile	n
81146	Mirian Ormeño	Superintendencia de Pensiones, Chile	n
81146	Ximena Quintanilla	Superintendencia de Pensiones, Chile	n
81178	Niklas Harder	German Center for Integration and Migration Research (DeZIM), Germany	y
81178	Amy Hsin	City University of New York, USA	n
81178	Linna Martén	University of Uppsala, Sweden	n
81185	Sarah Bush	Yale University, USA	y
81185	Pär Zetterberg	Uppsala University, Sweden	n
81307	Alessia Damonte	Università degli Studi di Milano, Italy	n
81307	Fedra Negri	Università degli Studi di Milano, Italy	y
81336	Isabela Mares	Yale University , USA. Yale University, USA	y
81336	Ahmed Mohammed	Columbia University , USA. Columbia University, USA	n
81367	Federico Vegetti	University of Milan, Italy	n
81367	Zoltan Fazekas	Copenhagen Business School, Denmark	y
81398	Yuan Zhou	Kobe University, Japan	y
81398	Kaoru Kurusu	Kobe University, Japan	y
81410	Dmitriy Vorobyev	CERGE-EI, Czech Republic	y
81481	Jonas Markgraf	University of Oxford, United Kingdom	y
81481	Guillermo Rosas	Washington University in St. Louis, USA	n
81495	Elisabeth de Vega Alavedra	Durham University, United Kingdom	y
81506	Anthony Kevins	School of Governance, Utrecht University, Netherlands	y
81506	Naomi Lightman	Department of Sociology, University of Calgary, Canada	n
81522	Emily West	University of Pittsburgh, USA	y
81522	Maria Carreri	University of California, San Diego, USA	n
81549	Katharine Aha	Middlebury College, USA	y
81549	Claire Greenstein	Georgia Institute of Technology, USA	y
81565	Michael Cohen	Australian National University, Australia	y
81591	Troels Bøggild	Aarhus University, Denmark	n
81591	Helene Helboe Pedersen	Aarhus University, Denmark	y
81623	Miklos Sebok	Centre for Social Sciences, Hungary	y
81623	Zoltan Kacsuk	Centre for Social Sciences, Hungarian Academy of Sciences, Hungary	n
81623	Evelin Meszaros	Centre for Social Sciences, Hungary	n
81778	Philippe van Gruisen	Leiden University, Netherlands	y
81778	Martijn Huysmans	Utrecht University, Netherlands	n
81828	Aris Trantidis	University of Lincoln, United Kingdom	y
81945	Lauren McLaren	University of Leicester, United Kingdom	n
81945	Anja Neundorf	University of Nottingham, United Kingdom	y
81945	Ian Paterson	University of Glasgow, United Kingdom	n
82001	Burcu Savun	University of Pittsburgh, USA	y
82001	Kerstin Fisk	Loyola Marymount University, USA	n
82156	Miklós Sebők	Centre for Social Sciences, Hungarian Academy of Sciences, Hungary	y
82156	Tamás Berki	National Bank of Hungary, Hungary	n
82156	Csaba Molnár	Centre for Social Sciences, Hungarian Academy of Sciences, Hungary	n
82164	Dominik Duell	University of Essex, United Kingdom	y
82164	Catherine Hafer	New York University, USA	n
82164	Dimitri Landa	New York University, USA	n
82207	Alexander Taaning Grundholm	Aarhus University, Denmark	y
82212	Christopher Claassen	University of Glasgow, United Kingdom	y
82225	Andreas Wiedemann	Nuffield College, Oxford University, United Kingdom	y
82238	Pauline Jones	University of Michigan, Ann Arbor, USA	y
82238	Anil Menon	University of Michigan, Ann Arbor, USA	y
82243	Bernhard Clemm von Hohenberg	European University Institute, Italy	y
82250	Saurabh Pant	Institute for Advanced Study in Toulouse, France	y
82282	Chris Witko	Penn State, USA	n
82282	Peter Enns	Cornell, USA	n
82282	Nathan Kelly	University of Tennessee, USA	y
82282	Jana Morgan	University of Tennessee, USA	n
82290	Philipp Dreyer	London School of Economics, United Kingdom	y
82411	Adam Gibbons	Rutgers University, USA	y
82434	Emily West	University of Pittsburgh, USA	n
82434	Shanto Iyengar	Stanford University, USA	y
82513	Despina Alexiadou	University of Strathclyde, United Kingdom	y
82531	Simone Wegmann	University of Geneva, Switzerland. University of Bremen, Germany	y
82531	Cristiane Lucena Carneiro	University of Sao Paulo, Brazil	y
82552	Tinghua Yu	London School of Economics, United Kingdom	y
82560	Constantine Boussalis	Trinity College, Dublin, Ireland. Trinity College Dublin, Ireland	n
82560	Miriam Sorace	London School of Economics, United Kingdom. London School of Economics and Political Science, United Kingdom	n
82560	Gail McElroy	Trinity College, Dublin, Ireland	y
82571	Annabelle Wittels	University College London, United Kingdom	y
82588	Janne Tukiainen	London School of Economics and Political Science, United Kingdom. LSE, United Kingdom	y
82588	Torun Dewan	London School of Economics and Political Science, United Kingdom	n
82588	Jaakko Meriläinen	Stockholm University, Sweden	n
82731	Nick Cowen	New York University School of Law, USA	y
82777	Benjamin Lyons	University of Exeter, United Kingdom	n
82777	Vittorio Merola	Stony Brook University, USA	y
82777	Jason Reifler	University of Exeter, United Kingdom	n
82802	Elizabeth Suhay	American University, USA	n
82802	Ryan Dawe	Ohio State University, USA	n
82802	Meri Long	University of Pittsburgh, USA	y
82854	Seiki Tanaka	University of Leeds, United Kingdom	y
82854	Rieko Kage	University of Tokyo, Japan	n
82854	Frances Rosenbluth	Yale University, USA	n
82857	Fabio Franchino	Università degli studi di Milano, Italy	y
82857	Camilla Mariotto	Universität Innsbruck, Austria	n
82874	Katerina Tertytchnaya	UCL, United Kingdom	y
82874	Kohei Watanabe	Waseda University, Japan	n
82874	Bryn Rosenfeld	USC, USA	n
82878	Gabriele Spilker	University of Salzburg, Austria	y
82878	Susanna Campbell	American University, USA	n
82885	Tarik Abou-Chadi	University of Zurich, Switzerland	n
82885	Christoffer Green-Pedersen	Aarhus University, Denmark	y
82923	Markus Wagner	University of Vienna, Austria	y
82923	Konstantin Glinitzer	GESIS - Leibniz Institute for the Social Sciences, Germany	y
82923	Tobias Gummer	GESIS - Leibniz Institute for the Social Sciences, Germany	n
82927	Philippe Van Gruisen	Leiden University, Netherlands	n
82927	Martijn Huysmans	Utrecht University, Netherlands	y
82930	Martijn Huysmans	Utrecht University, Netherlands	y
82942	Pedro Silva	Central European University, Hungary	y
82975	Thomas Kurer	Harvard University, USA	n
82975	Daniel Bischof	University of Zurich, Switzerland	y
83011	Marcel Neunhoeffer	University of Mannheim, Germany	y
83054	Javier Arregui	University Pompeu Fabra, Spain	n
83054	Clément Perarnaud	University Pompeu Fabra, Spain	y
83096	Rainer Stiefelhagen	Karlsruhe Institute of Technology, Germany	n
83096	Thomas Gschwend	University of Mannheim, Germany	n
83096	Lion Behrens	University of Mannheim, Germany	n
83096	Dominic Nyhuis	Leibniz University Hannover, Germany	y
83096	Tobias Ringwald	Karlsruhe Institute of Technology, Germany	n
83096	Saquib Sarfraz	Karlsruhe Institute of Technology, Germany	n
83122	Max Goplerud	Harvard University, USA	y
83132	Donghyun Danny Choi	University of Pennsylvania, USA	n
83132	Mathias Poertner	University of California, Berkeley, USA	y
83132	Nicholas Sambanis	University of Pennsylvania, USA	n
83157	Sarah Bütikofer	University of Zurich, Switzerland	n
83157	Stefanie Bailer	University of Basel, Switzerland	n
83157	Simon Hug	University of Geneva, Switzerland	y
83179	Carlo Ludovico Cordasco	University of Sheffield, United Kingdom	y
83200	Sarah Anzia	University of California, Berkeley, USA	n
83200	Rachel Bernhard	Nuffield College, University of Oxford, United Kingdom	y
83237	Nicole Wu	University of Michigan, USA	y
83345	Nina Wiesehomeier	IE School of Global and Public Affairs, Spain	n
83345	Saskia Ruth-Lovell	GIGA Hamburg, Germany	y
83356	Sabine Carey	University of Mannheim, Germany	y
83356	Christian Glaessel	University of Mannheim, Germany	n
83356	Belén González	University of Mannheim, Germany	n
83400	Yuri Zhukov	University of Michigan, Ann Arbor, USA	y
83400	Nadiya Kostyuk	University of Michigan, Ann Arbor, USA	y
83432	Asli Cansunar	University of Oxford, United Kingdom	y
83434	Asli Cansunar	University of Oxford, United Kingdom	y
83503	Katerina Tertytchnaya	UCL, United Kingdom	y
83535	Richard Bonneau	New York University, USA	n
83535	Denis Stukal	New York University, USA	y
83535	Joshua Tucker	New York University, USA	n
83535	Sergey Sanovich	Stanford University, USA	n
83554	Mark Stinson	University of Texas at El Paso, USA	y
83736	Damien Bol	KIng's College London, United Kingdom	y
83736	Chris Anderson	University of Warwick, United Kingdom	n
83736	Aurelia Nugroho	KIng's College London, United Kingdom	n
83748	Till Stowasser	University of Stirling, United Kingdom	n
83748	Jonas Markgraf	University of Oxford, United Kingdom	y
83752	Sergio Ascencio Bonfil	New York University Abu Dhabi, UAE	y
83758	Sophia Hunger	European University Institute, Italy	y
83765	Till Weber	City University of New York, USA	y
83797	Amie Kreppel	University of Florida, USA	y
83845	Aina Gallego	Institut Barcelona d'Estudis Internacionals, Spain. IBEI, Spain	y
83845	Alba Huidobro	Universitat Pompeu Fabra, Spain. Institut de Barcelona d'Estudis de Barcelona (IBEI), Spain	n
83908	Franziska Hohlstein	University of Freiburg, Germany	y
83910	Franziska Hohlstein	University of Freiburg, Germany	y
83910	Diana Panke	University of Freiburg, Germany	n
83917	Paul Marx	University of Duisburg-Essen, Germany	y
83921	Marlene Mauk	GESIS - Leibniz Institute for the Social Sciences, Germany	y
83924	Hanna Bäck	Lund University, Sweden	n
83924	Heike Klüver	Humboldt-Universität zu Berlin, Germany. Humboldt University of Berlin, Germany	y
83925	Thomas Sattler	University of Geneva, Switzerland	n
83925	Tanja Schweinberger	University of Geneva, Switzerland	y
83926	Thomas Sattler	University of Geneva, Switzerland	n
83926	Markus Wagner	University of Vienna, Austria	n
83926	Evelyne Hübscher	Central European University, Hungary	y
83934	Christina Anderer	University of Salzburg, Austria	y
83934	Andreas Dür	University of Salzburg, Austria	n
83934	Lisa Lechner	University of Innsbruck, Austria	n
83943	Angélica Serrano	ETH Zürich, Switzerland	n
83943	Dennis Kolcava	ETH Zürich, Switzerland	y
83943	Thomas Bernauer	ETH Zürich, Switzerland. ETH Zurich, Switzerland	n
83943	Lukas Rudolph	ETH Zürich, Switzerland. ETH Zurich, Switzerland	n
83962	Alba Huidobro	Universitat Pompeu Fabra, Spain. Institut de Barcelona d'Estudis de Barcelona (IBEI), Spain	y
83978	Federica Genovese	University of Essex, United Kingdom	y
83978	Patrick Bayer	University of Glasgow, United Kingdom	y
84026	Livia Rohrbach	University of Copenhagen, Denmark	y
84056	Felicity Vabulas	Pepperdine University, USA	n
84056	Inken von Borzyskowski	Florida State University, USA	y
84057	Jan Schwalbach	University of Cologne, Germany	y
84057	Jens Wäckerle	University of Cologne, Germany	y
84057	Sven-Oliver Proksch	University of Cologne, Germany	y
84064	RALUCA PAHONTU	UNIVERSITY OF OXFORD, United Kingdom	y
84068	Sven Van Kerckhoven	Vrije Universiteit Brussel, Belgium	y
84101	Mariaelisa Epifanio	University of Liverpool, United Kingdom	y
84101	Marco Giani	King's College London, United Kingdom	n
84116	Michael Donnelly	University of Toronto, Canada	y
84116	Jeremy Ferwerda	Dartmouth University, USA. Dartmouth, USA	n
84127	Sergi Pardos-Prado	University of Oxford, United Kingdom	y
84141	Bruno Castanho Silva	Cologne Center for Comparative Politics, Germany	y
84141	Kirk Hawkins	Brigham Young University, USA	n
84195	Aaron Erlich	McGill University, Canada	n
84195	Benjamin Bagozzi	University of Delaware, USA	n
84195	Daniel Berliner	London School of Economics, United Kingdom	y
84195	Brian Palmer-Rubin	Marquette University, USA	n
84223	Alon Yakter	Tel Aviv University, Israel	y
84233	Johannes Gruber	University of Glasgow, Germany	y
84256	Evgeny Sedashov	Binghamton University (SUNY), USA	n
84256	Dina Rosenberg	Higher School of Economics, Russian Federation	y
84278	Chengli Wang	Shanghai University of Finance and Economics, China	y
84278	Xiaoyu Pu	University of Nevada, Reno, USA	n
84315	Rory Costello	University of Limerick, Ireland	y
84326	Øyvind Stiansen	University of Oslo, Norway	n
84326	Zoltan Fazekas	Copenhagen Business School, Denmark	y
84328	Alexandra Hartman	University College London, United Kingdom. UCL, United Kingdom	y
84328	Florian Kern	University of Essex, United Kingdom	y
84337	Daniel Finke	Aarhus University, Denmark	y
84340	Stefan Müller	University of Zurich, Switzerland	y
84348	Daniel Finke	Aarhus University, Denmark	y
84362	Andrej Zaslove	Radboud University, Netherlands	n
84362	Maurits Meijers	Radboud University, Netherlands	y
84363	Hector Solaz	Vrije Universiteit Amsterdam , Netherlands	n
84363	Sara Hobolt	London School of Economics and Political Science, United Kingdom. LSE, United Kingdom	n
84363	Toni Rodon	London School of Economics, United Kingdom. London School of Economics and Political Science, United Kingdom	y
84381	Jørgen Bølstad	University of Oslo, Norway	y
84383	Katharina Pfaff	Vienna University of Economics and Business, Austria	y
84384	Christopher Claassen	University of Glasgow, United Kingdom	y
84384	Lauren McLaren	University of Leicester, United Kingdom	n
84393	Gisela Hirschmann	Leiden University, Netherlands	y
84401	Verena Fetscher	Oxford University, United Kingdom	y
84406	Alexander H. Trechsel	University of Lucerne, Switzerland	n
84406	Andrea De Angelis	University of Lucerne, Switzerland	y
84406	Diego Garzia	University of Lucerne, Switzerland	n
84410	Martin Steinwand	University of Essex, United Kingdom	n
84410	Simone Dietrich	University of Geneva, Switzerland	n
84410	Bernhard Reinsberg	University of Glasgow, United Kingdom	y
84411	Karsten Donnay	University of Konstanz, Germany	y
84411	Ravi Bhavnani	Graduate Institute Geneva, Switzerland. Graduate Institute, Switzerland	n
84411	Mirko Reul	Graduate Institute Geneva, Switzerland	n
84425	Berna Öney	Carl von Ossietzky Universität Oldenburg, Germany	y
84425	Alejandro Quiroz Flores	University of Essex , United Kingdom	n
84427	Kanish Debnath	FLAME University, India	y
84427	Ravi Bhavnani	Graduate Institute Geneva, Switzerland. Graduate Institute, Switzerland	y
84433	Ruth Carlitz	University of Gothenburg, Sweden	n
84433	Rachael McLellan	Princeton University, USA	y
84434	Sofia Vasilopoulou	University of York, United Kingdom	y
84434	Markus Wagner	University of Vienna, Austria	y
84440	Marco Alberto De Benedetto	Università degli Studi di Messina, Italy	y
84440	Maria De Paola	Università degli Studi della Calabria, Italy	n
84450	Dalston Ward	ETH Zurich, Switzerland	y
84450	Dominik Hangartner	ETH Zurich, Switzerland. ETH Zurich and London School of Economics, Switzerland	n
84450	Andreas Beerli	ETH Zurich, Switzerland	n
84451	Sergio Ascencio Bonfil	New York University Abu Dhabi, UAE	y
84456	Geoffrey Evans	University of Oxford, United Kingdom	n
84456	Peter Egge Langsæther	University of Oslo, Norway	y
84456	Tom O'Grady	University College London, United Kingdom	n
84460	Tobias Bohmelt	University of Essex, United Kingdom	n
84460	Vincenzo Bove	University of Warwick, United Kingdom	y
84472	Rebecca M. Kuiper	University of Utrecht, Netherlands	n
84472	Lion Behrens	University of Mannheim, Germany	y
84474	Eric Kaufmann	Birkbeck College, University of London, United Kingdom	y
84474	David Leal	University of Texas at Austin, USA	y
84491	Kazuma Mizukoshi	University College London, United Kingdom	y
84493	Philipp M. Lutscher	University of Konstanz, Germany	y
84497	Robert Grafstein	University of Georgia, USA	y
84497	Rongbin Han	University of Georgia, USA	n
84508	Julian Wucherpfennig	Hertie School of Governance, Germany	n
84508	Sergi Pardos-Prado	University of Oxford, United Kingdom	y
84508	Sara Polo	University of Essex, United Kingdom	n
84523	Julia Bandeira	Federal University of Rio Grande do Sul, Brazil	y
84523	Pedro Perfeito da Silva	Central European University, Hungary	n
84533	William Daniel	Francis Marion University, USA	y
84539	Kirill Zhirkov	University of Michigan, USA	y
84556	Magdelina Kitanova	University of Southampton, United Kingdom	y
84631	Kristina Petrova	Department of Peace and Conflict Research, Uppsala University, Sweden	y
84633	Kristina Jessen Hansen	Aalborg University, Denmark	n
84633	Casper Sakstrup	Aarhus University, Denmark	y
84645	Carsten Jensen	Aarhus University, Denmark	n
84645	Suthan Krishnarajan	Aarhus University, Denmark	y
84646	Tim Wegenast	University of Konstanz, Germany	n
84646	Mario Krauser	University of Konstanz, Germany	y
84650	Iain McMenamin	Dublin City University, Ireland	y
84653	Maria Thürk	Humboldt University Berlin, Germany	y
84659	Erika van Elsas	University of Amsterdam, Netherlands	n
84659	Claes de Vreese	University of Amsterdam, Netherlands	n
84659	Andreas Goldberg	University of Amsterdam, Netherlands	y
84663	Tilko Swalve	University of Mannheim, Germany	y
84673	Nadia Steiber	Insitute for Advanced Studies, Austria	n
84673	Fabian Kalleitner	University of Vienna, Austria	n
84673	Bernhard Kittel	University of Vienna, Austria	n
84673	Monika Mühlböck	University of Vienna, Austria	y
84679	Benjamin G. Engst	University of Mannheim, Germany	y
84679	Thomas Gschwend	University of Mannheim, Germany	n
84685	Rubén Ruiz-Rufino	King's College London, United Kingdom	y
84691	Hayfat Hamidou	University of Duisburg-Essen, Germany	y
84691	Sabrina Jasmin Mayer	University of Duisburg-Essen, Germany	y
84698	Oliver Heath	Royal Holloway, United Kingdom	n
84698	Ivica Petrikova	Royal Holloway, United Kingdom	n
84698	Matthew Polacko	Royal Holloway, United Kingdom	y
84701	Ana Carolina Garriga	University of Essex, United Kingdom	y
84704	Markus Wagner	University of Vienna, Austria	y
84704	Martin Fenz	University of Vienna, Austria	n
84704	Daniel Bischof	University of Zurich, Switzerland	n
84712	Philipp Köker	Leibniz University Hannover, Germany	y
84721	Frederi Hjorth	University of Copenhagen, Denmark	y
84732	Alexandra Scacco	WZB Berlin Social Science Center, Germany	y
84732	Bernd Beber	WZB Berlin Social Science Center, Germany	y
84761	Nasos Roussias	University of Sheffield, United Kingdom	y
84761	Ruben Ruiz-Rufino	King's College London, United Kingdom	n
84774	Asli Cansunar	University of Oxford, United Kingdom	y
84774	Spyros Kosmidis	University of Oxford, United Kingdom	n
84779	Marina Costa Lobo	Instituto de Ciências Sociais - Universidade de Lisboa, Portugal	n
84779	Roberto Pannico	Instituto de Ciências Sociais - Universidade de Lisboa, Portugal. Social Sciences Institute of the University of Lisbon, Portugal. University of Lisbon, Portugal	y
84779	Virginia Ros	Instituto de Ciências Sociais - Universidade de Lisboa, Portugal	n
84792	Markus Wagner	University of Vienna, Austria	n
84792	Tarik Abou-Chadi	University of Zurich, Switzerland	y
84801	David Carlson	Koç University, Turkey	y
84812	Theres Matthieß	WZB, Germany	y
84820	Thomas Gschwend	University of Mannheim, Germany	n
84820	Lion Behrens	University of Mannheim, Germany	n
84820	Dominic Nyhuis	Leibniz University Hannover, Germany	y
84831	Alessio Albarello	University of Rochester, USA	y
84854	Yannick Stawicki	Leibniz Universität Hannover, Germany	n
84854	Benjamin Engst	Universität Mannheim, Germany	n
84854	Christoph Garwe	Leibniz Universität Hannover, Germany	y
84854	Christoph Hönnige	Leibniz Universität Hannover, Germany. Leibinz University Hanover, Germany	n
84863	Friederike Luise Kelle	Wissenschaftszentrum Berlin/ Berlin Social Science Center, Germany	y
84867	Enrique Hernández	Universitat Autonoma de Barcelona, Spain. Universitat Autònoma de Barcelona, Spain	y
84867	Ferrin Monica	Collegio Carlo Alberto, Italy	y
84869	Melanie Sauter	European University Institute, Switzerland	y
84869	Sigrid Weber	University College London, United Kingdom. UCL, United Kingdom	n
84869	Rob Williams	University of North Carolina at Chapel Hill, USA	n
84869	Christian Oswald	Trinity College Dublin, Ireland	n
84876	Davy-Kim Lascombes	University of Geneva, Switzerland	y
84876	Ursa Bernardic	University of Geneva, Switzerland	n
84885	Yves Steinebach	LMU Munich, Germany	y
84885	Steffen Hurka	LMU Munich, Germany	n
84902	Taehee Whang	Yonsei University, USA	n
84902	Elena McLean	SUNY Buffalo, USA	y
84902	Jeheung Ryu	University of Rochester, USA	n
84903	Daria Kazarinova	RUDN University, Russian Federation	y
84905	Akisato Suzuki	University College Dublin, Ireland	y
84908	Elena McLean	SUNY Buffalo, USA	y
84912	Diane Bolet	London School of Economics and Political Science, United Kingdom	y
84912	Florian Foos	King's College London, United Kingdom	n
84912	Elizabeth Morrow	King's College London, United Kingdom	n
84931	Ahmed Ezzeldin Mohamed	Columbia University, USA	y
84935	Thomas Fleming	University of Oxford, United Kingdom	y
84937	Sara Hobolt	London School of Economics and Political Science, United Kingdom. LSE, United Kingdom	y
84954	Inken von Borzyskowski	Florida State University, USA	y
84954	Ursula Daxecker	University of Amsterdam, Netherlands	n
84960	Christopher Raymond	Queen's University Belfast, United Kingdom	y
84968	Erik Tillman	DePaul University, USA	y
84969	Luke Sonnet	University of California at Los Angeles, USA	n
84969	Miriam Golden	University of California at Los Angeles, USA	y
84969	Saad Gulzar	Stanford University , USA. Standford, USA	n
84984	Kevin Clarke	University of Rochester, USA	y
84993	Conrad Ziller	University of Cologne, Germany	y
84993	Marc Helbling	WZB Berlin and University of Bamberg, Germany. University of Bamberg, Germany	n
84997	Conrad Ziller	University of Cologne, Germany	y
85000	henrik seeberg	aarhus university, Denmark	y
85005	Amanda Clayton	Vanderbilt University , USA	y
85005	Diana O'Brien	Texas A&M University , USA	n
85005	Jennifer Piscopo	Occidental College , USA	n
85007	Nikolas Schöll	Universitat Pompeu Fabra, Spain	n
85007	Aina Gallego	Institut Barcelona d'Estudis Internacionals, Spain. IBEI, Spain	y
85007	Gaël Le Mens	Universitat Pompeu Fabra, Spain	n
85008	Amber Boydstun	University of California, Davis, USA	n
85008	Jessica Feezell	University of New Mexico, USA	n
85008	Rebecca Glazier	University of Arkansas, Little Rock, USA	y
85021	Alona O. Dolinsky	Johns Hopkins University , USA	y
85030	Alexander Hoppe	Utrecht University, Netherlands	y
85073	Junichiro Wada	Yokohama City University, Japan	y
85073	Kosuke Nakamura	Yokohama City University, Japan	n
85138	Kenneth Scheve	Stanford University, USA	n
85138	Michael Bechtel	Washington University in St. Louisd, USA	y
85147	Emil Verner	MIT Sloan, USA	n
85147	Gyozo Gyongyosi	Kiel Institute for the World Economy, Germany	y
85173	Marc Helbling	WZB Berlin and University of Bamberg, Germany. University of Bamberg, Germany	y
85173	Daniel Meierrieks	WZB Berlin Social Science Center, Germany	n
85176	Silvia Decadri	Trinity College Dublin, TCD, Ireland	y
85177	Marc Helbling	WZB Berlin and University of Bamberg, Germany. University of Bamberg, Germany	y
85177	Daniel Meierrieks	WZB Berlin Social Science Center, Germany	n
85181	Jan Sauermann	University of Cologne, Germany	y
85181	Paul Beckmann	University of Cologne, Germany	n
85198	Federico Trombetta	University of Warwick, United Kingdom	y
85198	Ayush Pant	University of Warwick, United Kingdom	n
85213	Michael Wicki	ETH Zürich, Switzerland. ETH Zurich, Switzerland	y
85216	Sarah C. Dingler	University of Salzburg, Austria	y
85216	Corinna Kroeber	University of Greifswald, Germany	y
85219	Juliana Chueri	University of Geneva, Switzerland	y
85224	Tomas Turner Zwinkels	University of Basel, Switzerland	y
85224	Elena Frech	University of Geneva, Switzerland	y
85224	Philip Manow	University of Bremen, Germany	n
85226	Zachary Steinert-Threlkeld	UCLA, USA	n
85226	Anita Gohdes	Hertie School of Governance, Germany. University of Zurich, Switzerland	y
85237	Marie Kaldahl Nielsen	Aarhus University, Denmark	y
85238	Richard Traunmueller	University of Mannheim, Germany. University of Mannheim , Germany	y
85238	Belen Gonzalez	GIGA, Germany	n
85239	Suthan Krishnarajan	Aarhus University, Denmark	y
85246	Elif Naz Kayran	Graduate Institute of International and Development Studies, Geneva, Switzerland	y
85248	Mathilde van Ditmars	University of Luzern, Switzerland	y
85248	Macarena Ares	University of Zurich, Switzerland	n
85256	Jochen Rehmert	Humboldt-Universität zu Berlin, Germany. Humboldt University of Berlin, Germany	y
85257	Raul Aldaz	Queen Mary University of London, United Kingdom	y
85258	Mariano Torcal	Universitat Pompeu Fabra (UPF), Spain	n
85258	Josep Maria Comellas	Universitat Pompeu Fabra (UPF), Spain	y
85268	Lucy Barnes	University College London, United Kingdom	y
85268	Timothy Hicks	University College London, United Kingdom	y
85269	Sebastian Juhl	University of Mannheim, Germany	y
85277	Tanushree Goyal	University of Oxford, United Kingdom	n
85277	Robin Harding	University of Oxford, United Kingdom	y
85280	Sara Cools	Institute for Social Research, Norway	n
85280	Henning Finseraas	Institute for Social Research, Norway	y
85285	Fabio Ellger	Humboldt-Universität zu Berlin, Germany	y
85285	Heike Klüver	Humboldt-Universität zu Berlin, Germany. Humboldt University of Berlin, Germany	n
85289	Zain Chaudhry	Heidelberg University, Germany	y
85289	Karrar Hussain	LUMS, Pakistan	n
85289	Muhammad Yasir Khan	UC Berkeley, USA	n
85294	Matthias Kaltenegger	Department of Government, University of Vienna, Austria	y
85297	Burcu Savun	University of Pittsburgh, USA	y
85297	Daniela Donno	University of Cyprus, Cyprus	y
85297	Kelly Morrison	University of Pittsburgh, USA	n
85298	Marco Giani	King's College London, United Kingdom	y
85300	Rubén Ruiz-Rufino	King's College London, United Kingdom	y
85302	Dana Sisak	Erasmus University Rotterdam, Netherlands	y
85302	Otto Swank	Erasmus University Rotterdam, Netherlands. Erasmus School of Economcis, Netherlands	n
85302	Benoit Crutzen	Erasmus University Rotterdam, Netherlands. Erasmus University, Netherlands	n
85303	Eva Anduiza	Universitat Autònoma de Barcelona, Spain	n
85303	Luca Bernardi	Universitat Autònoma de Barcelona, Spain	y
85303	Guillem Rico	Universitat Autònoma de Barcelona, Spain	n
85305	Nicolas Lampach	KU Leuven, Belgium	n
85305	Michal Ovadek	KU Leuven, Belgium	y
85309	Robert Johns	University of Essex, United Kingdom	n
85309	Luca Bernardi	Universitat Autònoma de Barcelona, Spain	y
85310	Sigrid Weber	University College London, United Kingdom. UCL, United Kingdom	n
85310	Alexandra Hartman	University College London, United Kingdom. UCL, United Kingdom	y
85310	Benjamin Morse	MIT, USA	n
85312	Gizem Arikan	Trinity College Dublin, Ireland	n
85312	Defne Gunay	Yasar University, Turkey	n
85312	Gizem Melek	Yasar University, Turkey	y
85313	Elke Weber	Princeton University, USA	n
85313	Silvia Pianta	Bocconi University, Italy	y
85313	Adrian Rinscheid	University of St. Gallen, Switzerland	n
85314	Marco Schito	Trinity College Dublin, Ireland	y
85315	Jens Olav Dahlgaard	Copenhagen Business School, Denmark	y
85315	Rasmus Tue Pedersen	VIVE, Denmark	n
85330	John Parmelee	University of North Florida, USA	y
85330	Nataliya Roman	University of North Florida, USA	n
85336	Gurur Polat	University of Freiburg, Germany	y
85342	Alejandro Ecker	MZES, University of Mannheim, Germany	y
85342	Michael Imre	University of Mannheim, Germany	y
85342	Thomas Meyer	University of Vienna, Austria	y
85342	Wolfgang C. Müller	University of Vienna, Austria	n
85347	Juraj Medzihorsky	University of Gothenburg, Sweden	y
85359	Jean Lacroix	Université libre de Bruxelles, Belgium	y
85360	Federico Trombetta	University of Warwick, United Kingdom	y
85360	Domenico Rossignoli	Università Cattolica del Sacro Cuore, Milano, Italy	n
85370	David Johann	University of Zurich, Switzerland	n
85370	Sabrina Mayer	University of Duisburg-Essen, Germany	n
85370	Carl Berning	University of Mainz, Germany	y
85374	Enrique Hernández	Universitat Autonoma de Barcelona, Spain. Universitat Autònoma de Barcelona, Spain	y
85374	Roberto Pannico	Instituto de Ciências Sociais - Universidade de Lisboa, Portugal. Social Sciences Institute of the University of Lisbon, Portugal. University of Lisbon, Portugal	n
85376	Macarena Ares	University of Zurich, Switzerland	n
85376	Enrique Hernández	Universitat Autònoma de Barcelona, Spain	y
85380	David Schoch	University of Manchester, United Kingdom	n
85380	Sebastian Stier	GESIS, Germany	n
85380	JungHwan Yang	Univeristy of Illinois at Urbana-Champaign, USA. University of Illinois at Urbana-Champaign, USA	n
85380	Franziska Keller	Hong Kong University of Science and Technology, Hong Kong	y
85382	Stefanie Walter	University of Zurich, Switzerland	y
85382	Nils Redeker	University of Zurich, Switzerland	n
85391	Till Weber	City University of New York, USA	y
85391	Fernando Casal Bértoa	University of Nottingham, United Kingdom	n
85396	Constantin Manuel Bosancianu	Wissenschaftszentrum Berlin für Sozialforschung, Germany	y
85396	Ana Garcia-Hernandez	Wissenschaftszentrum Berlin für Sozialforschung, Germany	n
85396	Macartan Humphreys	Wissenschaftszentrum Berlin für Sozialforschung, Germany	n
85402	Ali Yurukoglu	Stanford University, USA	n
85402	Gregory Martin	Stanford University, USA	y
85406	Jordan Kyle	Tony Blair Institute for Global Change, United Kingdom	n
85406	Brett Meyer	Tony Blair Institute for Global Change, United Kingdom	y
85412	Spencer Goidel	Texas A&M University, USA	n
85412	Paul Kellstedt	Texas A&M University, USA	n
85412	Matthew Lebo	Stony Brook University, USA	y
85418	Ben Cormier	University of Toronto, Canada	y
85418	Mark Manger	University of Toronto, Canada	y
85443	Stuart Soroka	University of Michigan, USA	y
85443	Patrick Fournier	Universite de Montreal, Canada	n
85443	Lilach Nir	Hebrew University, Israel	n
85451	Gabriele Gratton	UNSW Sydney, Australia	n
85451	Massimo Morelli	Bocconi University, Italy	y
85454	Gisela Sin	University of Illinois at Urbana-Champaign, USA	y
85454	Keigo Tanabe	Texas A&M University, USA	n
85454	José Antonio Cheibub	Texas A&M University, USA	y
85454	Thiago Moreira	Texas A&M University, USA	n
85464	Philippa Fernandes	Durham University, United Kingdom	n
85464	Patrick Kuhn	Durham University, United Kingdom	y
85465	Gidon Cohen	Durham University, United Kingdom	y
85465	Gary Hutchison	Durham University, United Kingdom	n
85465	Patrick Kuhn	Durham University, United Kingdom	y
85482	Conor Little	University of Limerick, Ireland	y
85485	Camilo Cristancho	Universitat de Barcelona, Spain	n
85485	Eva Anduiza	Universitat Autònoma de Barcelona, Spain	n
85485	Enrique Hernández	Universitat Autonoma de Barcelona, Spain. Universitat Autònoma de Barcelona, Spain	n
85485	Guillem Rico	Universitat Autònoma de Barcelona, Spain	y
85487	Felix Haass	German Institute of Global and Area Studies, Germany	y
85487	Martin Ottmann	University of Birmingham, United Kingdom	y
85492	Alexandra Oprea	UNC Chapel Hill, USA	y
85527	Selina Hofstetter	London School of Economics and Political Science, United Kingdom	y
85536	Gizem Arikan	Trinity College Dublin, Ireland	y
85553	Maximilian Haag	University of Mannheim, Germany	y
85553	Steffen Hurka	LMU Munich, Germany	y
85553	Constantin Kaplaner	University of Konstanz, Germany	y
85554	Joachim Wehner	London School of Economics and Political Science, United Kingdom	n
85554	Elena Pupaza	London School of Economics and Political Science, United Kingdom	y
85584	Gokhan Ciflikli	London School of Economics, United Kingdom	y
85589	Britt Bolin	University of Mannheim, Germany	n
85589	Verena Kunz	University of Mannheim, Germany	y
85601	Rohan Alexander	Australian National University, Australia	y
85601	Patrick Leslie	Australian National University, Australia	n
85608	Gizem Arikan	Trinity College Dublin, Ireland	n
85608	Defne Gunay	Yasar University, Turkey	y
85616	Tabea Palmtag	University of Zurich, Switzerland	y
85621	Kristian Gleditsch	University of Essex, United Kingdom	n
85621	Roman Olar	Trinity College Dublin, Ireland	n
85621	Marius Radean	University of Essex, United Kingdom	y
85630	Peter Stone	Trinity College Dublin, Ireland	y
85630	Anthoula Malkopoulou	Uppsala University , Sweden	n
85633	Pamela Pansardi	University of Pavia, Italy	n
85633	Luca Pinto	University of Bologna, Italy	y
85637	Aleksandra Khokhlova	University of Mannheim, Germany	y
85651	Alexander Motchoulski	University of Arizona , USA	y
85652	Toke Aidt	University of Cambridge, United Kingdom	n
85652	Gabriel Leon	KCL, United Kingdom. Kings College London, United Kingdom	y
85653	Gabriel Leon	KCL, United Kingdom. Kings College London, United Kingdom	y
85656	Laura Schenker	Graduate Institute of International and Development Studies, Switzerland	y
85656	David Sylvan	Graduate Institute of International and Development Studies, Switzerland	n
85656	Ashley Thornton	Graduate Institute of International and Development Studies, Switzerland	n
85656	Juliette Ganne	Graduate Institute of International and Development Studies, Switzerland	y
85659	Cristina Bodea	Michigan State University, USA	n
85659	Christian Houle	Michigan State University , USA. Michigan State University, USA	y
85659	Hyunwoo Kim	Michigan State University, USA	n
85664	Adam Lauretig	The Ohio State University, USA	n
85664	Jan Pierskalla	The Ohio State University, USA	y
85664	Drew Rosenberg	The Ohio State University, USA	n
85664	Audrey Sacks	The World Bank, USA	n
85670	Christian Houle	Michigan State University , USA. Michigan State University, USA	y
85677	Brenda Van Coppenolle	Leiden University, Netherlands	y
85678	Jeffrey Conroy-Krutz	Michigan State University, USA	n
85678	Christian Houle	Michigan State University , USA. Michigan State University, USA	y
85680	Florian Stoeckel	University of Exeter, United Kingdom	y
85680	Hanna Kleider	King's College London, United Kingdom	n
85682	Rodrigo Cezar	Graduate Institute of International and Development Studies (Geneva), Switzerland	y
85683	Christian Houle	Michigan State University , USA. Michigan State University, USA	y
85683	Paul Kenny	Australian National University, Australia	n
85683	Nicolas Bichay	Michigan State University, USA	n
85694	Keith Sutherland	University of Exeter, United Kingdom	y
85700	Daniel Ziblatt	Harvard University, USA	n
85700	Hanno Hilbig	Harvard University, USA	y
85700	Daniel Bischof	University of Zurich, Switzerland	n
85703	Zeynep Somer-Topcu	University of Texas, USA. University of Texas at Austin, USA	n
85703	Laron Williams	University of Missouri, USA	y
85704	Laron Williams	University of Missouri, USA	y
85704	David Fortunato	Texas A&M University, USA	n
85711	Jan Stuckatz	London School of Economics and Political Science, United Kingdom	y
85712	Shaun Bowler	UC Riverside , USA	y
85712	Daniel Biggers	UC Riverside, USA	n
85717	Romain Ferrali	NYU, UAE. New York University Abu Dhabi, UAE	y
85717	Galileu Kim	Princeton University, USA	n
85726	Anna Zhang	Stanford University, USA	y
85729	Kohei Watanabe	Waseda University, Japan	y
85744	Svanhildur Thorvaldsdottir	LMU Munich, Germany	y
85744	Rabia Malik	New York University Abu Dhabi, UAE	y
85745	Garret Binding	Institute for Political Science Zürich, Switzerland. Institute for Political Science, Zürich, Switzerland	y
85750	Felix Olsowski	University of Mannheim, Germany	y
85756	Francesco Colombo	European University Institute, Italy	y
85757	Marc S. Jacob	University of Edinburgh, United Kingdom	y
85766	Gergő Tóth	Hungarian Academy of Sciences, Hungary	n
85766	Johannes Wachs	Central European University, Hungary	n
85766	Theresa Gessler	European University Institute, Italy	y
85768	Samuel Mellish	Durham University, United Kingdom	y
85771	Thomas Bräuninger	University of Mannheim, Germany	n
85771	Thomas Däubler	University of Mannheim, Germany. Mannheim Centre for European Social Research, Germany	n
85771	Robert A. Huber	University of Salzburg, Austria	n
85771	Lukas Rudolph	ETH Zürich, Switzerland. ETH Zurich, Switzerland	y
85772	Marc Debus	University of Mannheim, Germany	n
85772	Martin Ejnar Hansen	Brunel University London, United Kingdom	y
85773	Jaakko Meriläinen	IIES, Stockholm University, Sweden	y
85775	Janne Tukiainen	London School of Economics and Political Science, United Kingdom. LSE, United Kingdom	n
85775	Leandro De Magalhaes	University of Bristol, United Kingdom	n
85775	Dominik Hangartner	ETH Zurich, Switzerland. ETH Zurich and London School of Economics, Switzerland	n
85775	Salomo Hirvonen	University of Bristol, United Kingdom	y
85775	Nelson A. Ruiz	University of Oxford, United Kingdom	n
85778	Sebastian Klotz	World Trade Institute (WTI), University of Bern, Switzerland	y
85783	Romain Ferrali	NYU, UAE. New York University Abu Dhabi, UAE	y
85783	David Goeury	Centre National de la Recherche Scientifique (CNRS), France	n
85785	Salomo Hirvonen	University of Bristol, United Kingdom	y
85788	David Szakonyi	GWU and Higher School of Economics, USA	y
85792	Tore Wig	University of Oslo, Norway	y
85792	Sirianne Dahlum	Peace Research Institute Oslo, Norway. PRIO, Norway	n
85794	Steven Van Hauwaert	Johannes Gutenberg University Mainz, Germany. Johannes Gutenberg-Universität Mainz, Germany	y
85794	Xavier Romero	Leuphana University in Lüneburg, Germany	y
85796	Nikitas Konstantinidis	IE University, Spain	y
85796	Henry Pascoe	IE University, Spain	n
85798	Patrick Statsch	University of Amsterdam, Netherlands	y
85798	Adam Chalmers	Kings College, United Kingdom. Kings College London, United Kingdom	n
85798	Joost Berkhout	University of Amsterdam, Netherlands	y
85798	Beth Leech	Rutgers University, USA	n
85798	Amy McKay	Exeter University, United Kingdom	n
85798	Patrick Bernhagen	University of Stuttgart, Germany	n
85806	Christopher Wratil	Harvard University, USA	n
85806	Jens Wäckerle	University of Cologne, Germany	y
85807	Hans Noel	Georgetown, USA	y
85810	Ilona Lahdelma	University of Oxford, United Kingdom	y
85811	Zeynep Somer-Topcu	University of Texas, USA. University of Texas at Austin, USA	y
85811	Margit Tavits	Washington University, St. Louis, USA	n
85812	Sirus Dehdari	Uppsala University, Sweden	y
85812	Karl-Oskar Lindgren	Uppsala University, Sweden	n
85812	Sven Oskarsson	Uppsala University, Sweden	n
85814	Gudmund Horn Hermansen	Norwegian Business School, BI, Norway	n
85814	Carl Henrik Knutsen	University of Oslo, Norway	y
85814	Håvard Mokleiv Nygård	PRIO, Norway	n
85815	Matthew Charles Wilson	University of South Carolina, USA	n
85815	Carl Henrik Knutsen	University of Oslo, Norway	y
85817	Tore Wig	University of Oslo, Norway	n
85817	Sirianne Dahlum	Peace Research Institute Oslo, Norway. PRIO, Norway	n
85817	Kristian Skrede Gleditsch	University of Essez, United Kingdom	n
85817	Carl Henrik Knutsen	University of Oslo, Norway	y
85820	Katjana Gattermann	University of Amsterdam, Netherlands	y
85821	Zbigniew Truchlewski	University of Geneva, Switzerland	y
85821	Andrea Papadia	European University Institute, Italy	n
85824	Katjana Gattermann	University of Amsterdam, Netherlands	y
85835	Georgiy Syunyaev	Columbia University, USA	y
85837	Martin Steinwand	University of Essex, United Kingdom	y
85839	Samantha Soyiyo	University of Malawi, Chancellor College, Malawi	y
85845	Christina Schneider	University of California, San Diego, USA	y
85845	Catherine de Vries	Free University, Amsterdam, Netherlands. Free University of Amsterdam, Netherlands. Vrije Universiteit Amsterdam, Netherlands	y
85845	Julia Gray	University of Pennsylvania, USA	y
85845	Sara Hobolt	London School of Economics and Political Science, United Kingdom. LSE, United Kingdom	y
85846	Mark Brockway	University of Notre Dame, USA	n
85846	Alexander Pacek	Texas A&M University, USA	y
85846	Benjamin Radcliff	University of Notre Dame, USA	n
85848	John Kenny	University of Oxford, United Kingdom	y
85853	Bastian Schmidt	University of Siegen, Germany	n
85853	Frederik Springer	Leibniz University of Hannover, Germany. Leibniz University Hannover, Germany	n
85853	Lisa Czeczinski	University of Siegen, Germany	n
85853	Markus Klein	Leibniz University of Hannover, Germany. Leibniz University Hannover, Germany	n
85853	Philipp Becker	Leibniz University of Hannover, Germany. Leibniz University Hannover, Germany	n
85853	Yvonne Lüdecke	Leibniz University of Hannover, Germany. Leibniz University Hannover, Germany	y
85855	Alberto López Ortega	University of Zurich, Switzerland	y
85857	David Hilpert	University of Mannheim, Germany	y
85861	Alberto López Ortega	University of Zurich, Switzerland	y
85866	Dónal Mulligan	Dublin City University, Ireland	y
85867	Macarena Ares	University of Zurich, Switzerland	y
85867	Matthias Enggist	University of Zurich, Switzerland	n
85867	Silja Häusermann	University of Zurich, Switzerland	n
85867	Michael Pinggera	University of Zurich, Switzerland	n
85868	Macarena Ares	University of Zurich, Switzerland	y
85871	Jens Olav Dahlgaard	Copenhagen Business School, Denmark	y
85871	Rasmus T. Pedersen	The Danish Center for Social Science Research, Denmark	y
85873	Valentin Berger	University of Bamberg, Germany	y
85879	Adam Ramey	NYU Abu Dhabi, UAE	n
85879	Lawrence Rothenberg	University of Rochester, USA	y
85880	Mark Kayser	Hertie School of Governance, Germany	n
85880	Kasia Nalewajko	European University Institute, Italy	y
85887	Alessandra Romani	The Graduate Institute Geneva, Switzerland	y
85895	Markus Tepe	University of Oldenburg, Germany	y
85895	Michael Jankowski	University of Oldenburg, Germany	n
85895	Christine Prokop	University of Oldenburg, Germany	n
85898	Catarina Leão	University of Oxford, United Kingdom	y
85905	Jan Schwalbach	University of Cologne, Germany	y
85906	Thomas Robinson	University of Oxford, United Kingdom	y
85911	Susumu Shikano	University of Konstanz, Germany	n
85911	Markus Tepe	University of Oldenburg, Germany	y
85911	Michael Jankowski	University of Oldenburg, Germany	n
85911	Maximilian Lutz	University of Oldenburg, Germany	n
85912	Jens Wäckerle	University of Cologne, Germany	y
85914	Vanessa Liston	Dublin City University, Ireland	y
85915	Jonathan Chapman	New York University Abu Dhabi, UAE	y
85916	Frank-Borge Wietzke	IBEI, Spain	y
85920	Delia Dumitrescu	University of East Anglia, United Kingdom	y
85920	Andrew Ross	University of East Anglia, United Kingdom	y
85921	Ignacio Lago Penas	Universitat Pompeu Fabra , Spain	n
85921	Ferran Martinez i Coma	Griffith University, Australia	y
85923	Dong Zhang	Lingnan University, Hong Kong	n
85923	D.J. Flynn	IE University, Spain	y
85923	Yusaku Horiuchi	Dartmouth College, USA	n
85945	Jack Vowles	Victoria University of Wellington, New Zealand	y
85945	Matthew Gibbons	Victoria University of Wellington, New Zealand	n
85946	Arthur Spirling	New York University, USA	n
85946	Matt Connelly	Columbia University, USA	n
85946	Raymond Hicks	Columbia University, USA	y
85946	Robert Jervis	Columbia University, USA	n
85947	Sebastian Dellepiane-Avellaneda	University of Strathclyde, United Kingdom	n
85947	Anthony McGann	University of Strathclyde, United Kingdom	y
85949	J. Clark Powers	Dublin City University, Ireland	y
85951	Dean Lacy	Dartmouth College, USA	y
85952	Nahomi Ichino	University of Michigan, USA	y
85952	Noah Nathan	University of Michigan, USA	n
85953	Ryan Hubert	University of California, Davis, USA	y
85953	Andrew Little	University of California, Berkeley, USA. UC Berkeley, USA	n
85955	Omar García-Ponce	University of California, Davis, USA	n
85955	Ryan Hubert	University of California, Davis, USA	y
85957	John Taden	University of Texas at Dallas, USA	n
85957	Jonas Bunte	University of Texas at Dallas, USA	y
85958	Luke Oldfield	University of Auckland, New Zealand	y
85959	Yiqian (Alice) Wang	Stanford University, USA	n
85960	Jonas Bunte	University of Texas at Dallas, USA	y
85961	Les Stanaland	University of Texas at Dallas, USA	n
85961	Jonas Bunte	University of Texas at Dallas, USA	y
85962	Rena Sung	Texas A&M University, USA	n
85962	Quan Li	Texas A&M University, USA	n
85962	Erica Owen	University of Pittsburgh, USA	y
85965	Erica Owen	University of Pittsburgh, USA	y
85968	Mi Jeong Shin	Shanghai University of Finance and Economics, China	y
85971	Yiqian (Alice) Wang	Stanford University, USA	n
85972	Casey Crisman-Cox	Texas A&M, USA	y
85973	Casey Crisman-Cox	Texas A&M, USA	y
85978	Noah Buckley	NYU Abu Dhabi, Higher School of Economics, UAE	y
85981	Hyeon Seok Park	Korea Advanced Institute of Science and Technology, Korea, Republic of	y
85992	Michael Wicki	ETH Zürich, Switzerland. ETH Zurich, Switzerland	y
85992	Lukas Fesenfeld	ETH Zürich, Switzerland. ETH Zurich, Switzerland	n
85992	Thomas Bernauer	ETH Zürich, Switzerland. ETH Zurich, Switzerland	n
86005	Yael Shomer	Tel-Aviv University, Israel	y
86005	Osnat Akirav	The Western Galilee College, Israel	n
86005	Björn Erik Rasch	University Of Oslo, Norway	n
86009	Haakon Gjerløw	University of Oslo, Norway	y
86012	Samuel David Mueller	University of Mannheim, Germany	y
86014	Carles Boix	Princeton University, USA	n
86014	Filip Kostelka	Essex University, United Kingdom	n
86014	Christophe Lévêque	Toulouse School of Economics, France	y
86020	Vicente Valentim	European University Institute, Italy	y
86024	Carles Boix	Princeton University, USA	n
86024	Paulo Serôdio	University of Barcelona, Spain	n
86024	Sonia Giurumescu	University of Barcelona, Spain	n
86024	Chitralekha Basu	University of Barcelona, Spain	y
86026	Karsten Vestergaard	University of Copenhagen, Denmark	y
86028	Carles Boix	Princeton University, USA	n
86028	Sonia Giurumescu	University of Barcelona, Spain	y
86028	Chitralekha Basu	University of Barcelona, Spain	n
86028	Jordi Muñoz	University of Barcelona, Spain	n
86030	Michael Pinggera	University of Zurich, Switzerland	y
86031	Eirik Vatnoey	University of Oslo, Norway	n
86031	Dawn Wheatley	Dublin City University, Ireland	y
86032	Oren Barak	Hebrew University of Jerusalem, Israel	y
86032	Dan Miodownik	Hebrew University of Jerusalem, Israel	n
86033	Xiaodong Zhang	Hitotsubashi University, Japan	y
86034	Kristina Gushchina	University of Cologne, Germany	y
86034	André Kaiser	University of Cologne, Germany	n
86035	Lea Portmann	University of Lucerne, Switzerland	y
86037	Chagai Weiss	University of Wisconsin-Madison, USA	n
86037	Eugene Finkel	Johns Hopkins University, USA	n
86037	Yonatan Lupo	George Washington University, Israel	n
86037	Dan Miodownik	Hebrew University of Jerusalem, Israel	y
86038	M. Tahir Kilavuz	University of Notre Dame, USA	n
86038	Yusuf Magiya	Columbia University, USA	y
86043	Nicholas Haas	New York University, USA	y
86043	Prabin Khadka	New York University, USA	n
86044	Jan Fałkowski	University of Warsaw, Poland	n
86044	Przemysław Kurek	University of Warsaw, Poland	y
86046	Han Il Chang	New York University-Abu Dhabi, UAE	n
86046	Sergio Ascencio	New York University-Abu Dhabi, UAE	y
86052	Sofia Breitenstein	Universitat Autònoma de Barcelona, Spain	y
86052	Enrique Hernández	Universitat Autònoma de Barcelona, Spain	n
86054	Gabriele Spilker	University of Salzburg, Austria	n
86054	Tobias Böhmelt	University of Essex, United Kingdom	n
86054	Vally Koubi	ETH Zurich, Switzerland	y
86054	Quynh Nguyen	Princeton University, USA	n
86055	Magdalena Wojcieszak	UC Davis, USA	n
86055	Andreu Casas	NYU, USA. New York University, USA	n
86055	Ericka Menchen-Trevino	American University, USA	y
86055	Chankyung Pak	University of Amsterdam, Netherlands	n
86057	Patricia Calca	CIES-ISCTE, Portugal	y
86057	Sebastian Koehler	University of Konstanz, Germany	n
86058	Philipp Lutz	University of Bern, Switzerland	y
86059	Ivor Sokolic	London School of Economics, United Kingdom	n
86059	Denisa Kostovicova	London School of Economics, United Kingdom	n
86059	Tom Paskhalis	London School of Economics, United Kingdom	y
86063	Mary Lynn De Silva	The University of Western Australia, Australia	y
86065	Jan Fałkowski	University of Warsaw, Poland	n
86065	Przemysław Kurek	University of Warsaw, Poland	y
86066	Tom Paskhalis	London School of Economics, United Kingdom	y
86068	Niamh Kirk	Dublin City University, Ireland	y
86069	Damian Trilling	Universiteit van Amsterdam, Netherlands	y
86069	Wouter van Atteveldt	Vrije Universiteit, Netherlands. Vrije Universiteit Amsterdam, Netherlands	n
86069	Felicia Löcherbach	Vrije Universiteit, Netherlands	n
86069	Judith Möller	Universiteit van Amsterdam, Netherlands	n
86071	Aysenur Dal	Bilkent University, Turkey	y
86071	Olga Kamenchuk	Ohio State University, USA	n
86071	Erik Nisbet	Ohio State University, USA	n
86072	Roman Senninger	Aarhus University, Denmark	y
86074	Thomas Willi	University of Zurich, Switzerland	y
86074	Tabea Palmtag	University of Zurich, Switzerland	n
86075	Vera Troeger	University of Warwick, United Kingdom	y
86075	David Rueda	University of Oxford, United Kingdom	y
86077	Arno Stirnimann	University of Zurich, Switzerland	y
86078	Anna Brosius	University of Amsterdam, Netherlands	n
86078	Claes H. de Vreese	University of Amsterdam, Netherlands	n
86078	Andreas C. Goldberg	University of Amsterdam, Netherlands	y
86083	Luis Schiumerini	University of Notre Dame, USA	y
86083	Noam Lupu	Vanderbilt University, USA	y
86084	Denis Cohen	University of Mannheim, Germany	y
86084	Jochen Rehmert	Humboldt-Universität zu Berlin, Germany. Humboldt University of Berlin, Germany	y
86085	Zachary Greene	University of Strathclyde, United Kingdom	y
86091	Krzysztof Krakowski	Collegio Carlo Alberto, Italy	y
86095	Julia Partheymueller	University of Vienna, Austria	y
86097	Zoltan Fazekas	Copenhagen Business School, Denmark	n
86097	Zachary Greene	University of Strathclyde, United Kingdom	y
86097	Sebastian Popa	Newcastle University, United Kingdom	n
86099	Dennis C. Spies	University of Cologne, Germany	n
86099	Achim Goerres	University of Duisburg-Essen, Germany	n
86099	Sabrina J. Mayer	University of Duisburg-Essen, Germany	y
86100	Carles Boix	Princeton University, USA	n
86100	Zsuzsanna Magyar	University of Barcelona, Spain	y
86103	Jonathan Lewis	Hitotsubashi University, Japan	y
86104	Heiko Giebler	WZB Berlin Social Science Centre, Germany	n
86104	Maarja Lühiste	Newcastle University, United Kingdom	y
86105	Anastasia Ershova	The London School Of Economics and Political Science, United Kingdom	n
86105	Sebastian Popa	Newcastle University , United Kingdom	y
86106	Bastian Schmidt	University of Siegen, Germany	n
86106	Frederik Springer	Leibniz University of Hannover, Germany. Leibniz University Hannover, Germany	y
86106	Lisa Czeczinski	University of Siegen, Germany	n
86106	Markus Klein	Leibniz University of Hannover, Germany. Leibniz University Hannover, Germany	n
86106	Philipp Becker	Leibniz University of Hannover, Germany. Leibniz University Hannover, Germany	n
86106	Yvonne Lüdecke	Leibniz University of Hannover, Germany. Leibniz University Hannover, Germany	n
86110	Moritz Marbach	ETH Zurich, Switzerland	y
86112	Bastiaan Bruinsma	Scuola Normale Superiore, Italy	y
86112	Kostas Gemenis	Max Planck Institute for the Study of Societies, Germany	y
86112	Micha Germann	University of Bath, United Kingdom	n
86114	Dominik Hangartner	ETH Zurich, Switzerland. ETH Zurich and London School of Economics, Switzerland	y
86114	Moritz Marbach	ETH Zurich, Switzerland	y
86115	Paolo Segatti	University of Milan, Italy	n
86115	Federico Vegetti	University of Milan, Italy	y
86117	Matthew DiGiuseppe	Leiden University, Netherlands	y
86118	Judith Spirig	University of Zurich, Switzerland	y
86118	Daniel Bischof	University of Zurich, Switzerland	n
86121	Jennifer Stromer-Galley	Syracuse University, USA	n
86121	Nava Tintarev	TU Delft, Netherlands	n
86121	Rebekah Tromble	Leiden University, Netherlands	y
86121	Dirk Hovy	Boconni University, Italy	n
86121	Michael Meffert	Leiden University, Netherlands	n
86121	Patricia Rossini	Syracuse University, USA	n
86125	Merete Bech Seeberg	Aarhus University, Denmark	y
86125	Michael Wahman	Michigan State University, USA	y
86128	Laura Sudulich	University of Kent, United Kingdom	y
86128	Feargal Feargal Cochrane	University of Kent, United Kingdom	n
86128	Neophytos Loizides	University of Kent, United Kingdom	n
86128	Edward Morgan-Jones	University of Kent, United Kingdom	y
86131	Lesley-Ann Daniels	Institut Barcelona d'Estudis Internacionals (IBEI), Spain	y
86132	Shan-Jan Sarah Liu	Newcastle University, United Kingdom	y
86132	Stefanie Reher	University of Strathclyde, United Kingdom	y
86133	Oguzhan Turkoglu	Trinity College Dublin, Ireland	y
86135	Claudia Roberta Combei	University of Bologna, Italy	n
86135	Matteo Farnè	University of Bologna, Italy	n
86135	Daniela Giannetti	University of Bologna, Italy	y
86135	Luca Pinto	University of Bologna, Italy	n
86139	Ingrid Vik Bakken	Norwegian University of Science and Technology (NTNU), Norway	y
86141	Zach Warner	Cardiff University, United Kingdom	n
86141	Kevin Fahey	Cardiff University, United Kingdom	n
86141	Douglas Atkinson	Cardiff University, United Kingdom	y
86141	Rene Lindstadt	Cardiff University, United Kingdom	y
86143	Anna Adendorf	Universität Mannheim, Germany	y
86146	Dani Stockmann	Hertie School of Governance, Germany	n
86146	Richard Traunmueller	University of Mannheim, Germany. University of Mannheim , Germany	y
86146	JungHwan Yang	University of Illinois at Urbana-Champaign, USA	n
86146	Pablo Barbera	LSE, United Kingdom	n
86146	Andy Guess	Princeton University, USA	n
86146	Simon Munzert	Hertie School of Governance, Germany	n
86148	Johan Elkink	University College Dublin, Ireland	n
86148	Alexander Baturo	Dublin City University, Ireland	y
86154	Nicholas Haas	New York University, USA	y
86154	Prabin Khadka	New York University, USA	n
86155	Mark Schelker	University of Fribourg, Switzerland	n
86155	Simon Berset	University of Fribourg, Switzerland	y
86157	Heinz Brandenburg	University of Strathclyde, United Kingdom	y
86157	Robert Johns	University of Essex, United Kingdom	n
86157	Stefanie Reher	University of Strathclyde, United Kingdom	y
86158	Mohammad Mohsin Hussain	University of Warwick, United Kingdom	y
86158	Kerim Can Kavakli	Bocconi University, Italy	y
86159	Sebastian Sternberg	University of Mannheim, Germany	y
86160	Tommaso Sonno	University of Bologna, Italy	y
86162	Radoslaw Zubek	University of Oxford, United Kingdom	n
86162	Abhishek Dasgupta	University of Oxford, United Kingdom	y
86162	David Doyle	University of Oxford, United Kingdom	y
86164	James Cross	University College Dublin, Ireland	y
86164	Derek Greene	University College Dublin, Ireland	n
86166	Hajo Boomgaarden	University of Vienna, Austria	n
86166	Olga Eisele	University of Vienna, Austria	y
86166	Elena Escalante Block	Sciences Po, France	y
86168	Martin Elff	Zeppelin University, Germany	y
86168	Sigrid Roßteutscher	Johann Wolfgang Goethe-Universität Frankfurt am Main, Germany. Goethe University Frankfurt, Germany	y
86170	Alberto Lopez-Ortega	University of Zurich, Switzerland	n
86170	Johannes Besch	University of Zurich, Switzerland	y
86171	Oke Bahnsen	University of Mannheim, Mannheim Centre for European Social Research (MZES), Germany	y
86172	Martina Zahno	University of Zurich, Switzerland	y
86172	Purnamita Dasgupta	Institute of Economic Growth, Delhi, India	n
86172	Katharina Michaelowa	University of Zurich, Switzerland	n
86172	Ishita Sachdeva	Delhi University, India	n
86173	Raymond Duch	University of Oxford, United Kingdom	n
86173	Denise Laroze	Universidad de Santiago de Chile, Chile	y
86173	Iñaki Sagarzazu	Texas Tech University, USA	n
86176	Nils Düpont	University of Bremen, Germany	y
86176	Martin Rachuj	University ofGreifswald, Germany	n
86178	Frank Vandenbroucke	University of Amsterdam, Netherlands	n
86178	Theresa Kuhm	University of Amsterdam, Netherlands	n
86178	Francesco Nicoli	University of Amsterdam, Netherlands	y
86184	Florence Vallee-Dubois	University of Montreal, Canada	n
86184	Christopher Cochrane	University of Toronto, Canada	n
86184	Jean-Francois Godbout	University of Montreal, Canada	y
86185	Hugo Marcos-Marne	University of St.Gallen, Switzerland	y
86186	Oguzhan Turkoglu	Trinity College Dublin, Ireland	y
86187	Kevin Fahey	Cardiff University, United Kingdom	y
86191	Simon Hug	University of Geneva, Switzerland	y
86191	Bjørn Høyland	University of Oslo, Norway	y
86193	Ozge Kemahlioglu	Sabanci University, Turkey	y
86195	Sylvain Brouard	Sciences Po, France	n
86195	Christoph Hönnige	Leibniz Universität Hannover, Germany. Leibinz University Hanover, Germany	n
86195	Patrick Le Bihan	Sciences Po, France	y
86196	Britt Bolin	University of Mannheim, Germany	y
86196	Cosima Meyer	University of Mannheim, Germany	n
86199	Franziska Pradel	University of Cologne, Germany	y
86200	Elisa Volpi	European University Institute, Italy	y
86203	Allan Sikk	University College London, United Kingdom	y
86203	Philipp Köker	Leibniz University Hannover, Germany	y
86207	Yuleng Zeng	University of South Carolina, USA	n
86207	Brad Epperly	University of South Carolina, USA	y
86208	Richard Traunmüller	University of Frankfurt, Germany. University of Mannheim, Germany	n
86208	Christopher Claassen	University of Glasgow, United Kingdom	n
86208	Simon Ellerbrock	Mannheim Centre for European Social Research (MZES) - University of Mannheim, Germany. Mannheim Centre for European Social Research - University of Mannheim, Germany	y
86209	Brad Epperly	University of South Carolina, USA	y
86209	Jennifer Noveck	Western Washington University, USA	n
86215	Nauro Campos	Brunel University London, United Kingdom	n
86215	Martin Gassebner	Leibniz University Hannover, Germany	n
86215	Tobias Korn	Leibniz University Hannover, Germany	y
86217	Sara B. Hobolt	London School of Economics and Political Science , United Kingdom	y
86217	Julian M. Hoerner	London School of Economics and Political Science , United Kingdom	n
86220	Alejandra Suarez	IPERG-University of Barcelona, Spain	n
86220	Francesc Amat	IPERG-University of Barcelona, Spain	y
86220	Pablo Beramendi	Duke University, USA	n
86221	Alejandra Suarez	IPERG-University of Barcelona, Spain	n
86221	Francesc Amat	IPERG-University of Barcelona, Spain	y
86223	Tonya Dodez	Indiana University, USA	n
86223	Timothy Hellwig	Indiana University, USA	y
86225	Caroline Hahn	GESIS – Leibniz Institute for the Social Science, Germany	y
86229	Florian S. Schaffner	University of Oxford, United Kingdom	y
86232	Stefanie Walter	University of Zurich, Switzerland	y
86232	Catherine de Vries	Free University, Amsterdam, Netherlands. Free University of Amsterdam, Netherlands. Vrije Universiteit Amsterdam, Netherlands	y
86232	Sara Hobolt	London School of Economics and Political Science, United Kingdom. LSE, United Kingdom	y
86233	Adrian Miroiu	National University of Political Science and Public Administration, Romania	y
86233	Mihai Paunescu	National University of Political Science and Public Administration, Romania	y
86235	Leire Rincón García	University of Barcelona, Spain	y
86239	Sanja Badanjak	University of Edinburgh , United Kingdom. University of Edinburgh, United Kingdom	y
86240	Ralph Schroeder	University of Oxford, United Kingdom	n
86240	Sebastian Stier	GESIS Leibniz Institute for Social Sciences, Germany	n
86240	Caterina Froio	SciencesPo, France	n
86240	Nora Kirkizh	GESIS Leibniz Institute for Social Sciences, Germany	y
86241	Kimuli Kasara	Columbia University , USA	y
86245	Mihail Chiru	UCLouvain, Belgium	y
86245	Thomas Däubler	University of Mannheim, Germany. Mannheim Centre for European Social Research, Germany	n
86245	Silje Synnøve Lyder Hermansen	University of Oslo, Norway	n
86246	Moritz Marbach	ETH Zurich, Switzerland	n
86246	Daniel Bischof	University of Zurich, Switzerland	n
86246	Nils Redeker	University of Zurich, Switzerland	n
86246	Guido Ropers	University of Mannheim, Germany	y
86248	Benjamin Schürmann	WZB Berlin Social Science Center, Germany	y
86249	Sanja Badanjak	University of Edinburgh , United Kingdom. University of Edinburgh, United Kingdom	y
86250	Patrick Weber	University of Konstanz, Germany	y
86254	Heike Klüver	Humboldt-Universität zu Berlin, Germany. Humboldt University of Berlin, Germany	y
86254	Svenja Krauss	University of Essex, United Kingdom	n
86255	Haakon Gjerløw	University of Oslo, Norway	y
86255	Magnus Rasmussen	University of Oslo, Norway	y
86256	Guy Schvitz	ETH, Switzerland. ETH Zurich, Switzerland	y
86258	Anna-Lena Nadler	University of Geneva , Switzerland	y
86260	Armin Schäfer	Westfälische Wilhelms-Universität Münster, Germany	n
86260	Thorsten Faas	Freie Universität Berlin, Germany	n
86260	Arndt Leininger	Freie Universität Berlin, Germany	y
86260	Sigrid Roßteutscher	Johann Wolfgang Goethe-Universität Frankfurt am Main, Germany. Goethe University Frankfurt, Germany	n
86262	Guy Schvitz	ETH, Switzerland. ETH Zurich, Switzerland	n
86262	Lars-Erik Cederman	ETH Zurich, Switzerland	n
86262	Seraina Ruegger	ETH Zurich, Switzerland	y
86263	Otto Swank	Erasmus University Rotterdam, Netherlands. Erasmus School of Economcis, Netherlands	y
86264	Sven Harten	German Institute for Development Evaluation (DEval), Germany	n
86264	Alexandra Köngeter	German Institute for Development Evaluation (DEval), Germany	n
86264	Gerald Leppert	German Institute for Development Evaluation (DEval), Germany	n
86264	Kevin Moull	German Institute for Development Evaluation (DEval), Germany	n
86264	Martin Noltze	German Institute for Development Evaluation (DEval), Germany	n
86264	Mascha Rauschenbach	German Institute for Development Evaluation (DEval), Germany. German Institute for Development Evaluation, Germany	y
86267	Sabrina Karim	Cornell University, USA	n
86267	Sarah Berens	University of Cologne, Germany	y
86268	Nathalie Giger	University of Geneva, Switzerland	y
86268	Luzia Helfer	University of Geneva, Switzerland	n
86269	Gracia Brückmann	ETH Zurich, Switzerland	y
86269	Thomas Bernauer	ETH Zürich, Switzerland. ETH Zurich, Switzerland	n
86270	Tolga Sinmazdemir	London School of Economics and Political Science, United Kingdom	y
86270	Anna Getmansky	London School of Economics and Political Science, United Kingdom	y
86270	Konstantinos Matakos	King's College London, United Kingdom	y
86277	Sabina Monza	Autonomous university of Barcelona (UAB), Spain	y
86280	Christopher Dann	The London School of Economics and Political Science, United Kingdom	y
86283	Natascha Neudorfer	University of Birmingham, United Kingdom	y
86284	Tomas Turner-Zwinkels	University of Basel, Switzerland	y
86284	Elena Frech	University of Geneva, Switzerland	n
86284	Stefanie Bailer	University of Basel, Switzerland	n
86284	Simon Hug	University of Geneva, Switzerland	n
86284	Oliver Huwyler	University of Basel, Switzerland	n
86284	Philip Manow	University of Bremen, Germany	n
86288	Mariken van der Velden	Vrije Universiteit Amsterdam, Netherlands	n
86288	Anthea Alberto	Humboldt Universität, Germany	y
86289	Abraham Ritov	The Hebrew University, Israel	y
86290	Fabrizio Gilardi	University of Zurich, Switzerland	y
86291	Constantin Manuel Bosancianu	Wissenschaftszentrum Berlin für Sozialforschung, Germany	y
86292	Oguzhan Turkoglu	Trinity College Dublin, Ireland	y
86292	Kelsi Power-Spirlet	Independent Researcher, USA	y
86293	Mark Boukes	Universiteit van Amsterdam, Netherlands	n
86293	Wouter van Atteveldt	Vrije Universiteit, Netherlands. Vrije Universiteit Amsterdam, Netherlands	n
86293	Mariken van der Velden	Vrije Universiteit Amsterdam, Netherlands	y
86294	Diana Burlacu	Humboldt University of Berlin, Germany	y
86294	Ellen Immergut	European University Institute, Italy	n
86296	David Fortunato	Texas A&M University, USA	y
86296	Timm Betz	Texas A&M University, USA	n
86296	Diana O'Brien	Texas A&M University, USA	n
86297	Seobin Han	Korea University, Korea, Republic of	n
86297	Hyeok Yong Kwon	Korea University, Korea, Republic of	y
86301	Carsten Schulz	Pontifica Universidad Catolica, Chile	n
86301	Christian Arnold	Cardiff University, United Kingdom	y
86301	Doug Atkinson	Cardiff University, United Kingdom	n
86305	Abel Escribà-Folch	Universitat Pompeu Fabra, Spain	y
86309	Mike Seiferling	University College London, United Kingdom	n
86309	David Marshall	University of Reading, United Kingdom	y
86309	Patrick Bernhagen	University of Stuttgart, Germany	n
86310	Katerina Tkacova	University of Oxford, United Kingdom	y
86310	Annette Idler	University of Oxford, United Kingdom	n
86312	Anna Knaps	European University Institute EUI, Italy	y
86313	Christian Schnaudt	GESIS - Leibniz Institute for the Social Sciences, Germany	y
86313	Christian Stecker	Mannheim Centre for European Social Research (MZES), Germany	n
86315	Jesper Lindqvist	University College Dublin, Ireland	y
86317	Cassilde Schwartz	Royal Holloway University of London, United Kingdom	y
86317	Miranda Simon	University College London, United Kingdom	n
86317	David Hudson	University of Birmingham, United Kingdom	n
86317	Jennifer Hudson	University College London, United Kingdom	n
86318	Christopher Williams	University of Arkansas at Little Rock, USA	n
86318	Sophia Hunger	European University Institute, Italy	y
86319	Tom O'Grady	University College London, United Kingdom	y
86320	Kenneth Benoit	LSE, United Kingdom	n
86320	Akitaka Matsuo	LSE, United Kingdom	y
86323	Cassilde Schwartz	Royal Holloway, University of London, United Kingdom	y
86323	Nestor Castaneda	University College London, United Kingdom	y
86323	David Doyle	University of Oxford, United Kingdom	y
86325	Jose Fernandez-Albertos	IPP-CSIC, Spain	n
86325	Aina Gallego	Institut Barcelona d'Estudis Internacionals, Spain. IBEI, Spain	y
86325	Alexander Kuo	University of Oxford, United Kingdom	y
86325	Dulce Manzano	University of Complutense, Spain	n
86326	Andrea Salvi	Trinity College Dublin, Ireland	y
86328	Simon Ellerbrock	Mannheim Centre for European Social Research (MZES) - University of Mannheim, Germany. Mannheim Centre for European Social Research - University of Mannheim, Germany	y
86332	Matas Baltrukevičius	Vilnius University, Institute of International Relations and Political Science, Lithuania	n
86332	Mažvydas Jastramskis	Kaunas Institute of Technology, Lithuania	y
86332	Vytautas Kuokštis	Vilnius University, Institute of International Relations and Political Science, Lithuania	n
86333	Miriam Sorace	London School of Economics, United Kingdom. London School of Economics and Political Science, United Kingdom	y
86333	Christopher Wratil	Harvard University, USA	n
86335	Denise Traber	University of Luzern, Switzerland. University of Lucerne, Switzerland	n
86335	Mariken van der Velden	Vrije Universiteit Amsterdam, Netherlands	y
86335	Malu Gatto	University College London, United Kingdom	n
86335	Anita Gohdes	Hertie School of Governance, Germany. University of Zurich, Switzerland	y
86337	Philipp Dreyer	London School of Economics, United Kingdom	y
86337	Giorgio Malet	European University Institute, Italy	y
86339	Sarah Engler	University of Zurich, Switzerland	y
86340	Katerina Tertytchnaya	UCL, United Kingdom	n
86340	Ksenia Northmore-Ball	Queen Mary, University of London, United Kingdom	y
86344	Steven Van Hauwaert	Johannes Gutenberg University Mainz, Germany. Johannes Gutenberg-Universität Mainz, Germany	n
86344	Xavier Romero-Vidal	Leuphana Universität Lüneburg , Germany	y
86347	Seobin Han	Korea University, Korea, Republic of	n
86347	Hyeok Yong Kwon	Korea University, Korea, Republic of	y
86351	Boris Shor	University of Houston, USA	y
86352	Livio Di Lonardo	Bocconi University, Italy	y
86352	Nicola Mastrorocco	Trinity College Dublin, Ireland	n
86353	Alexandra Cirone	Cornell University, USA	y
86355	David Cutts	University of Birmingham, United Kingdom	n
86355	Matthew Goodwin	University of Kent, United Kingdom	n
86355	Erik Gahner Larsen	University of Kent, United Kingdom	y
86356	Livio Di Lonardo	Bocconi University, Italy	y
86357	Elias Dinas	European University Institute, Italy	y
86357	Konstantinos Matakos	King's College London, United Kingdom	y
86363	JungHwan Yang	Univeristy of Illinois at Urbana-Champaign, USA. University of Illinois at Urbana-Champaign, USA	n
86363	Pablo Barberá	London School of Economics and Political Science, United Kingdom	n
86363	Andrew Guess	Princeton University, USA	y
86363	Simon Munzert	Hertie School of Governance, Germany	n
86364	Mitja Sienknecht	Wissenschaftszentrum Berlin/ Berlin Social Science Center, Germany	n
86364	Friederike Luise Kelle	Wissenschaftszentrum Berlin/ Berlin Social Science Center, Germany	y
86365	Alina Vrânceanu	European University Institute, Italy	y
86367	Farsan Ghassim	University of Oxford, United Kingdom	y
86368	Aya Watanabe	Waseda University, Japan	y
86368	Jonathan Lewis	Hitotsubashi University, Japan	y
86368	Naoko Matsumura	Kobe University, Japan	y
86368	Kazuhiro Obayashi	University of Oxford, United Kingdom	y
86370	Nikitas Konstantinidis	IE University Madrid, Spain	n
86370	Konstantinos Matakos	King's College London, United Kingdom	y
86371	Raimondas Ibenskas	University of Southampton, United Kingdom	y
86372	Dimitrios Xefteris	University of Cyprus, Cyprus	y
86372	Shaun Hargreaves-Heap	King's College London, United Kingdom	n
86372	Emma Manifold	University of Leicester, United Kingdom	y
86372	Konstantinos Matakos	King's College London, United Kingdom	y
86375	Adam Chalmers	Kings College, United Kingdom. Kings College London, United Kingdom	n
86375	Joost Berkhout	University of Amsterdam, Netherlands	n
86375	Beth Leech	Rutgers University, USA	y
86375	Amy McKay	University of Exeter, United Kingdom	n
86375	Patrick Bernhagen	University of Stuttgart, Germany	n
86380	Marco Martini	Princeton University, USA	y
86381	Omer Solodoch	Tel Aviv University, Israel	y
86381	Yotam Margalit	Tel Aviv University, Israel. Tel-Aviv University, Israel	n
86383	Lukas Haffert	University of Zurich, Switzerland	n
86383	Nils Redeker	University of Zurich, Switzerland	y
86383	Tobias Rommel	Technical University of Munich, Germany	n
86385	Loriana Crasnic	University of Zurich, Switzerland	y
86385	Tabea Palmtag	University of Zurich, Switzerland	n
86387	Shardul Vaidya	CESS-Nuffield-FLAME University, India	n
86387	Emmy Lindstam	University of Mannheim, Germany	y
86390	Jordan HSu	UW Madison, USA	y
86392	Laia Castro	University of Zurich, Switzerland	y
86392	Mariluz Congosto	University Carlos III, Spain	n
86392	Frank Esser	University of Zurich, Switzerland	n
86392	Raphael Heiberger	University of Bremen, Germany	n
86392	Silvia Majo-Vazquez	University of Oxford, United Kingdom	n
86392	Rasmus K. Nielsen	University of Oxford, United Kingdom	n
86394	Dennis Hammerschmidt	University of Mannheim, Germany	y
86395	Toni Rodon	London School of Economics, United Kingdom. London School of Economics and Political Science, United Kingdom	y
86400	Sverker Sikström	Lund University, Sweden	n
86400	Annika Fredén	Karlstad University, Sweden	y
86402	Timon Forster	Freie Universität Berlin, Germany	y
86402	Alexander Kentikelenis	Bocconi University, Italy	n
86403	Lucy Barnes	University College London, United Kingdom	y
86403	Benjamin Lauderdale	University College London, United Kingdom	n
86403	Jack Blumenau	University College London, United Kingdom	y
86405	Nicole Martin	University of Manchester, United Kingdom	y
86405	Jonathan Mellon	University of Manchester, United Kingdom	n
86406	Marc Guinjoan	Universitat Autònoma de Barcelona, Spain	y
86406	Toni Rodon	London School of Economics, United Kingdom. London School of Economics and Political Science, United Kingdom	n
86409	Steven Wilson	University of Nevada, Reno, USA	n
86409	Jeremy Gelman	University of Nevada, Reno, USA	n
86409	Constanza Sanhueza Petrarca	WZB Berlin Social Science Center, Germany	y
86412	Bernhard Weßels	WZB Berlin Social Science Center, Germany	n
86412	Heiko Giebler	WZB Berlin Social Science Center, Germany	y
86412	Constanza Sanhueza Petrarca	WZB Berlin Social Science Center, Germany	y
86413	Alessandro Vecchiato	New York University, USA	y
86414	Christopher Wratil	Harvard University, USA	n
86414	Bruno Castanho Silva	Cologne Center for Comparative Politics, Germany	y
86415	Joan-Josep Vallbé	University of Barcelona, Spain	y
86416	Tore Wig	University of Oslo, Norway	y
86416	Haakon Gjerløw	University of Oslo, Norway	n
86418	Eva-Maria Pirker	Bocconi University, Italy	y
86419	Marco Pastor Mayo	University of Oxford, United Kingdom	y
86419	Pedro Riera	University Carlos III of Madrid, Spain	y
86420	Lukas Obholzer	Free University of Berlin, Germany	y
86424	Tatjana Stankovic	University of Oslo, Norway	y
86424	Altaf Ali	University College London, United Kingdom	n
86424	Nils Metternich	University College London, United Kingdom	n
86425	Philipp Broniecki	University College London, United Kingdom	y
86428	Daniel Strobl	University of Vienna, Austria	n
86428	Hanna Bäck	Lund University, Sweden	n
86428	Wolfgang C. Müller	University of Vienna, Austria	n
86428	Mariyana Angelova	University of Vienna, Austria	y
86429	Wang Leung Ting	London School of Economics and Political Science, United Kingdom	y
86431	Konstantin Bätz	University of Konstanz, Germany	y
86435	Cosima Meyer	University of Mannheim, Germany	y
86437	Philipp Broniecki	University College London, United Kingdom	y
86438	Benoit Crutzen	Erasmus University Rotterdam, Netherlands. Erasmus University, Netherlands	y
86438	Sabine Flamand	Roviri I Virgili University, Spain	n
86441	Tatjana Stankovic	University of Oslo, Norway	y
86441	Altaf Ali	University College London, United Kingdom	y
86442	Denis Cohen	University of Mannheim, Germany	y
86442	Thomas Kurer	Harvard University, USA	n
86443	Timothy Feddersen	Northwestern University - Kellogg School of Management, USA	n
86443	Benjamin Ogden	Texas A&M University, USA	y
86445	Jaemin Shim	German Institute of Global and Area Studies, Germany	y
86445	Elena Koreshenko	Free University Berlin, Germany	n
86451	Adriana Bunea	University of Southampton, United Kingdom	y
86451	Vlad Gross	University of Antwerp, Belgium	n
86455	Somya Chhabra	Trinity College Dublin, Ireland	y
86456	Rocio Titiunik	University of Michigan, USA	n
86456	James Hollyer	University of Minnesota, USA	y
86456	Marko Klasnja	Georgetown University, USA	n
86459	Pilar Sorribas-Navarro	University of Barcelona, Spain	n
86459	Albert Falcó-Gimeno	University of Barcelona, Spain	y
86459	Jordi Muñoz	University of Barcelona, Spain	y
86460	Nick Vivyan	Durham University, United Kingdom	y
86460	Patrick Kuhn	Durham University, United Kingdom	y
86460	Samuel Mellish	Durham University, United Kingdom	y
86462	Michael Jankowski	University of Oldenburg, Germany	y
86462	Stefan Müller	University of Zurich, Switzerland	n
86463	Nick Vivyan	Durham University, United Kingdom	y
86463	Chris Hanretty	Royal Holloway, University of London, United Kingdom	n
86463	Benjamin Lauderdale	University College London, United Kingdom	n
86464	Sebastian Schneider	DEval, Germany	n
86464	Markus Tepe	University of Oldenburg, Germany	y
86464	Michael Jankowski	University of Oldenburg, Germany	n
86466	Sebastian Ziaja	University of Konstanz, Germany	y
86466	Ruth Carlitz	University of Gothenburg, Sweden	n
86470	Maurits van der Veen	William & Mary, USA	y
86471	Ursula Daxecker	University of Amsterdam, Netherlands	n
86471	Mascha Rauschenbach	German Institute for Development Evaluation (DEval), Germany. German Institute for Development Evaluation, Germany	y
86472	Caileigh Glenn	University of Wisconsin-Madison, USA	y
86474	Luca Bellodi	University College London, United Kingdom	y
86475	Kamil Jnski	University of Lodz, Poland	n
86475	Wojciech Rogowski	Warsaw School of Economics, Poland	y
86478	Sophia Hunger	European University Institute, Italy	y
86478	Fred Paxton	European University Institute, Italy	y
86481	Guy Whitten	Texas A&M, USA. Texas A&M University, USA	n
86481	Philips Andrew	University of Colorado, USA	n
86481	Christine Lipsmeyer	Texas A&M, USA	y
86482	Theresa Gessler	European University Institute, Italy	n
86482	Sophia Hunger	European University Institute, Italy	y
86483	Leandro De Magalhaes	University of Bristol, United Kingdom	n
86483	Salomo Hirvonen	University of Bristol, United Kingdom	y
86485	Albana Shehaj	University of Michigan, Ann Arbor, USA. University of Michigan, USA	y
86485	Adrian Shin	University of Colorado Boulder, USA	y
86485	Merih Angin	Harvard University, USA	y
86489	Vibeke Wøien Hansen	University of Oslo, Norway	y
86490	Mirko Reul	Graduate Institute Geneva, Switzerland	y
86491	Andreas Kotsadam	Frisch, Norway	y
86492	Papgeorgiou Chris	IMF, USA	n
86492	Davide Fucerci	IMF, USA	n
86492	Ostry Jonathan	IMF, USA	n
86492	Dennis Quinn	Georgetown University, USA	y
86493	Timm Betz	Texas A&M University, USA	y
86493	Amy Pond	Texas A&M University, USA	y
86494	Werner Krause	WZB Berlin Social Science Center, Germany	y
86495	Silje Synnøve Lyder Hermansen	PluriCourts, University of Oslo, Norway	y
86496	Tuomo Virkola	EUI, Italy	n
86496	Jaakko Meriläinen	IIES, Stockholm University, Sweden	n
86496	Matti Mitrunen	IIES, Stockholm University, Sweden	y
86497	Yannick Pengl	ETH Zurich, Switzerland	y
86497	Philip Roessler	College of William & Mary, USA	n
86499	Nikitas Konstantinidis	IE University, Spain	n
86499	Carmela Lutmar	Haifa University, Israel	n
86499	Henry Pascoe	IE University, Spain	y
86501	Yannick Pengl	ETH Zurich, Switzerland	y
86503	Lauren Perez	University of Chicago, USA	y
86505	Gisela Sin	University of Illinois, USA	y
86505	Brian Gaines	University of Illinois, USA	n
86506	Bugra Güngör	Graduate Institute of International and Development Studies, Switzerland	y
86507	Elin Haugsgjerd Allern	University of Oslo, Norway	y
86507	Vibeke Wøien Hansen	University of Oslo, Norway	n
86507	David Marshall	University of Reading, United Kingdom	n
86507	Simon Otjes	Groeningen University , Netherlands	n
86509	Lutfi Sun	Trinity University, USA	n
86509	Andre Zeromski	Washington and Lee University, USA	n
86509	Yihan Zhu	London School of Economics, United Kingdom	y
86509	Ethan Caspi	University of Southern California, USA	y
86509	Chris Dann	London School of Economics, United Kingdom	y
86512	Richard Traunmüller	University of Frankfurt, Germany. University of Mannheim, Germany	n
86512	Kathrin Ackermann	Goethe University Frankfurt, Germany	y
86512	Sigrid Roßteutscher	Johann Wolfgang Goethe-Universität Frankfurt am Main, Germany. Goethe University Frankfurt, Germany	n
86513	Alice Iannantuoni	University of Illinois at Urbana-Champaign, Italy	y
86514	Judd Thornton	Georgia State University, USA	n
86514	Robert Lupton	University of Connecticut, USA	y
86514	William Myers	University of Tampa, USA	n
86515	Benoit Crutzen	Erasmus University Rotterdam, Netherlands. Erasmus University, Netherlands	y
86515	Vladimir Karamychev	Erasmus University, Netherlands	n
86516	Stefanie Bailer	University of Basel, Switzerland	y
86516	Tamaki Ohmura	ETH Zürich, Switzerland	n
86517	Anna Schultz	University of Pennsylvania, USA	n
86517	Donghyun Danny Choi	University of Pennsylvania, USA	n
86517	Benjamin Laughlin	University of Pennsylvania, USA	y
86518	Reto Wuest	University of Geneva, Switzerland	y
86518	Jonas Pontusson	University of Geneva, Switzerland	n
86519	Amy Pond	Texas A&M University, USA	y
86520	Marianne Dahl	PRIO, Norway	n
86520	Scott Gates	Peace Research Institute Oslo (PRIO) and University of Oslo, Norway. University of Oslo, PRIO, Norway	y
86520	Håvard Nygård	PRIO, Norway	n
86522	Siyana Timcheva	University of Zurich, Switzerland	y
86526	Jonathan Woon	University of Pittsburgh, USA	y
86528	Jeffrey Javed	University of Michigan, USA	n
86528	Blake Miller	Dartmouth College, USA	y
86529	Karsten Mause	University of Muenster, Germany	y
86531	Jason Casellas	University of Houston, USA	y
86531	Jeronimo Cortina	University of Houston, USA	n
86532	Jonathan Woon	University of Pittsburgh, USA	y
86533	Thomas Willi	University of Zurich, Switzerland	y
86535	Fridolin Linder	New York University, USA	n
86535	Walter Mebane	University of Michigan, USA	n
86535	Blake Miller	Dartmouth College, USA	y
86538	Ayjeren Rozyjumayeva	University of Cologne, Germany	y
86540	Sebastian Sternberg	University of Mannheim, Germany	n
86540	Christian Arnold	Cardiff University, United Kingdom	y
86540	Marcel Neunhoeffer	University of Mannheim, Germany	n
86542	Ivan Serrano	Universitat Oberta de Catalunya, Spain	y
86543	Thomas Walker	Grand Valley State University, USA	y
86544	Trajche Panov	University of Bergen, Norway	y
86546	Randolph Stevenson	Rice University, USA	n
86546	Seonghui Lee	University of Essex, United Kingdom	y
86546	Nick Lin	Academia Sinica, Taiwan	y
86547	Wessel Wijtvliet	KU Leuven, Belgium	n
86547	Arthur Dyevre	KU Leuven, Belgium	y
86547	Monika Glavina	KU Leuven, Belgium	n
86547	Nicolas Lampach	KU Leuven, Belgium	n
86547	Michal Ovadék	KU Leuven, Belgium	n
86548	Yixian Sun	Yale University, USA	n
86548	Michael Wicki	ETH Zürich, Switzerland. ETH Zurich, Switzerland	y
86548	Lukas Fesenfeld	ETH Zürich, Switzerland. ETH Zurich, Switzerland	y
86548	Thomas Bernauer	ETH Zürich, Switzerland. ETH Zurich, Switzerland	n
86551	Albert Falcó-Gimeno	University of Barcelona, Spain	y
86551	Jordi Muñoz	University of Barcelona, Spain	y
86551	Roberto Pannico	Instituto de Ciências Sociais - Universidade de Lisboa, Portugal. Social Sciences Institute of the University of Lisbon, Portugal. University of Lisbon, Portugal	n
86554	Svanhildur Thorvaldsdottir	LMU Munich, Germany	y
86555	Francesco Visconti	University of Milan, Italy	y
86555	Alessandro Pellegata	University of Milan, Italy	n
86556	Justin Conrad	University of North Carolina at Charlotte, USA	n
86556	Kevin Greene	University of Pittsburgh, USA	y
86556	Brian Phillips	University of Essex, United Kingdom	y
86557	Arthur Dyevre	KU Leuven, Belgium	y
86557	Nicolas Lampach	KU Leuven, Belgium	n
86558	Francisco Cantú	University of Houston, USA	n
86558	Pedro Riera	University Carlos III of Madrid, Spain	y
86560	Hyunjung Kim	Korea University, Korea, Republic of	y
86563	Alexander Tahk	University of Wisconsin–Madison, USA	y
86563	Susannah Tahk	University of Wisconsin–Madison, USA	y
86564	Philipp Denter	Universidad Carlos III de Madrid, Spain	y
86564	Martin Dumav	Universidad Carlos III de Madrid, Spain	n
86564	Boris Ginzburg	Universidad Carlos III de Madrid, Spain	n
86565	Jeremy Ferwerda	Dartmouth University, USA. Dartmouth, USA	n
86565	Henning Finseraas	Institute for Social Research, Norway	y
86565	Johannes Bergh	Institute for Social Research, Norway	n
86566	Svanhildur Thorvaldsdottir	LMU Munich, Germany	y
86566	Klaus Goetz	LMU Munich, Germany	n
86566	Ronny Patz	LMU Munich, Germany	n
86568	Vanessa Alexandra Boese	Humboldt-University, Germany	y
86568	Håvard Strand	University of Oslo, PRIO, Norway	n
86568	Scott Gates	Peace Research Institute Oslo (PRIO) and University of Oslo, Norway. University of Oslo, PRIO, Norway	n
86568	Carl Henrik Knutsen	University of Oslo, Norway	n
86568	Håvard Mokleiv Nygård	PRIO, Norway	n
86569	John Marshall	Columbia University, USA	n
86569	Nicola Mastrorocco	Trinity College Dublin, Ireland	y
86572	Hanno Hilbig	Harvard University, USA	y
86572	Anselm Rink	University of Konstanz, Germany	n
86573	Mathieu Turgeon	Western University, Canada	n
86573	Philip Habel	University of South Alabama, USA	y
86576	Pieterjan Vangerven	KU Leuven, Belgium	y
86576	Christophe Crombez	Stanford University, USA	y
86578	Wahideh Achbari	University of Amsterdam, Netherlands	y
86578	Bertjan Doosje	University of Amsterdam, Netherlands	n
86580	Toni Rodon	London School of Economics, United Kingdom. London School of Economics and Political Science, United Kingdom	y
86582	Yue Guan	University of Vienna, Austria	y
86582	Christian Göbel	University of Vienna, Austria	n
86584	Eva Anduiza	Universitat Autònoma de Barcelona, Spain	n
86584	Marc Guinjoan	Universitat Autònoma de Barcelona, Spain	y
86584	Guillem Rico	Universitat Autònoma de Barcelona, Spain	n
86587	Katrin Paula	University of Mannheim, Germany	y
86588	soenke ehret	Nuffield College, United Kingdom	y
86590	Guy Whitten	Texas A&M, USA. Texas A&M University, USA	n
86590	Andrea Junqueira	Texas A&M University, USA	y
86590	Thiago Nascimento da Silva	Universität Mannheim, Germany	y
86592	Thomas Fujiwara	Princeton University, USA	n
86592	Hanno Hilbig	Harvard University, USA	y
86592	Pia Raffler	Harvard University, USA	n
86594	Brett Bessen	University of Colorado Boulder, USA	y
86594	Srinivas Parinandi	University of Colorado Boulder, USA	n
86594	Andrew Philips	University of Colorado Boulder, USA	y
86598	Ricardo Carvalho	Universidade Europeia, Portugal	y
86599	Jurate Kavaliauskaite	Vilnius University, Lithuania	y
86602	Vicente Valentim	European University Institute, Italy	n
86602	Elias Dinas	European University Institute, Italy	n
86602	Sergi Martinez	European University Institute, Italy	y
86603	Natalia de Paula Moreira	University of Sao Paulo, Brazil	y
86604	Jaerin Kim	Washington University in St. Louis, USA	y
86605	John Witte	University of Wisconsin-Madison, USA	y
86609	Keith Schnakenberg	Washington University in St Louis, USA	n
86609	Ian Turner	Yale, USA	n
86609	Andrew Little	University of California, Berkeley, USA. UC Berkeley, USA	y
86610	Thomas Chadefaux	Trinity College Dublin, Ireland	y
86611	Alexander Agadjanian	Massachusetts Institute of Technology, USA	n
86611	Dean Lacy	Dartmouth College, USA	y
86612	Albana Shehaj	University of Michigan, Ann Arbor, USA. University of Michigan, USA	y
86615	Christine Sylvester	Binghamton University, USA	y
86615	Julia Maynard	University of Michigan, USA	n
86616	Catherine de Vries	Free University, Amsterdam, Netherlands. Free University of Amsterdam, Netherlands. Vrije Universiteit Amsterdam, Netherlands	n
86616	Nicole Martin	University of Manchester, United Kingdom	y
86618	Christine Sylvester	Binghamton University, USA	y
86621	Alvaro Fernandez-Bremer	ETH, Switzerland	n
86621	Alfonso Sanchez	Universidad Loyola Andalucía, Spain	y
86622	Emily Sellars	Yale University, USA	y
86622	Francisco Garfias	UCSD, USA	n
86623	Emily Sellars	Yale University, USA	y
86626	Yikai Zhao	Texas A&M, USA	n
86626	Nicholas Davis	Texas A&M, USA	n
86626	Kirby Goidel	Texas A&M, USA	y
86627	Iulia Cioroianu	University of Bath, United Kingdom	y
86627	Hilde Coffe	University of Bath, United Kingdom	n
86632	Michael Colaresi	University of Pittsburgh, USA	y
86632	Kevin Greene	University of Pittsburgh, USA	n
86643	Jessica Sun	University of Michigan, USA	y
86643	Scott Tyson	University of Rochester, USA	n
86643	Todd Lehmann	University of Michigan, USA	n
86644	Jessica Sun	University of Michigan, USA	y
86661	Min Hee Go	Ewha Womans University, Korea, Republic of	y
86667	Elias Dinas	European University Institute, Italy	n
86667	Elli Palaiologou	University of Oxford, United Kingdom	y
86677	Kazuto Ohtsuki	Waseda Institute for Advanced Study, Japan	y
86685	Mark Brazzill	Waseda University, Japan	y
86685	Yuki Yanai	Kochi University of Technology, Japan	y
86685	Hideko Magara	Waseda University, Japan	n
86693	Bilal Hassan	Sciences Po Paris, France	y
86696	Roni Lehrer	University of Mannheim, Germany	y
86710	Tobias Stroehr	Kiel University, Germany	n
86710	Esther Ademmer	Kiel University, Germany	n
86710	Anne-Marie Jeannet	European University Institute, Italy	y
86710	Martin Ruhs	European University Institute, Italy	n
86711	Carsten Jensen	Aarhus University, Denmark	n
86711	Seonghui Lee	University of Essex, United Kingdom	y
86713	Lenka Dražanová	European University Institute, Italy	n
86713	Anne-Marie Jeannet	European University Institute, Italy	y
86730	Yen-Chieh Liao	University of Essex , United Kingdom	y
86732	Lars-Erik Cederman	ETH Zurich, Switzerland	n
86732	Philipp Hunziker	Google, Switzerland	n
86732	Carl Müller-Crepon	ETH Zurich, Switzerland	y
86766	Garret Binding	Institute for Political Science Zürich, Switzerland. Institute for Political Science, Zürich, Switzerland	y
86769	Véronique Wavre	University of St.Gallen, Switzerland	y
86769	Tina Freyburg	University of St.Gallen, Switzerland	y
86769	Lisa Garbe	University of St.Gallen, Switzerland	n
86771	Sveinung Arnesen	NORCE Norwegian Research Centre, Norway	n
86771	Dominik Duell	University of Essex, United Kingdom	y
86771	Mikael Johannesson	University of Bergen, Norway	n
86771	Yvette Peters	University of Bergen, Norway	n
86782	Charles Finocchiaro	University of Oklahoma, USA	y
86783	Scott James	King's College, London, United Kingdom	n
86783	Stefano Pagliari	City, University of London, United Kingdom	y
86793	Santiago López-Cariboni	Universidad Católica del Uruguay, Uruguay	y
86799	Darren Schreiber	University of Exeter, United Kingdom	y
86815	Brendan Cooley	Princeton University, USA	n
86815	Colin Krainin	Private sector, USA	n
86815	Kristopher Ramsay	Princeton University, USA	y
86819	Matias Iaryczower	Princeton University, USA	y
86819	Galileu Kim	Princeton University, USA	n
86819	Sergio Monteros	University of Rochester, USA	n
86831	Benjamin Schupmann	Duke Kunshan University, China	y
86859	Xavier Fernández-i-Marín	LMU Munich, Germany	y
86859	Christoph Knill	LMU Munich, Germany	n
86942	Paul Seabright	Toulouse School of Economics, IAST, France	n
86942	Maleke Fourati	UNIGE, Switzerland	n
86942	Jerome Gonnot	Toulouse School of Economics, France	y
86961	Eva Wegner	University College Dublin, Ireland	y
86961	Miquel Pellicer	University of Duisburg-Essen, Germany	n
86965	Constanza Schibber	Michigan State University, USA	y
87032	Constantine Boussalis	Trinity College, Dublin, Ireland. Trinity College Dublin, Ireland	y
87032	Travis Coan	University of Exeter, United Kingdom	y
87059	Andrew Eggers	University of Oxford, United Kingdom	y
87059	Tobias Nowacki	Stanford University, USA	n
87062	Eva Wegner	University College Dublin, Ireland	n
87062	Markus Bayer	University of Duisburg-Essen, Germany	n
87062	Miquel Pellicer	University of Duisburg-Essen, Germany	y
87064	Miquel Pellicer	University of Duisburg-Essen, Germany	y
87081	François Briatte	ESPOL, Catholic University of Lille, France	y
87081	Ewen Gallic	Aix-Marseille School of Economics, France	y
87192	Joshua Tucker	New York University, USA	y
87192	Leon Yin	New York University, USA	n
87192	Andreu Casas	NYU, USA. New York University, USA	y
87192	Jennifer M. Larson	Vanderbilt University, USA	n
87192	Jonathan Nagler	New York University, USA	n
87206	Constanza Schibber	Michigan State University, USA	y
87206	Tiffany D. Barnes	University of Kentucky, USA	y
87217	Kirk Bansak	Stanford University, USA	n
87217	Michael M. Bechtel	Washington University in St. Louis, USA	y
87217	Yotam Margalit	Tel Aviv University, Israel. Tel-Aviv University, Israel	n
87219	Corwin Smidt	Calvin College, USA	n
87219	James Guth	Furman University, USA	n
87219	Lyman Kellstedt	Wheaton College (Emeritus), USA	y
87291	Silke Goubin	KU Leuven, Belgium	y
87291	Marc Hooghe	KU Leuven, Belgium	n
87352	Sergi Martínez	European University Institute, Italy	y
87745	Tanushree Goyal	University of Oxford, United Kingdom	y
87896	Jan Sauermann	University of Cologne, Germany	n
87896	Manuel Schwaninger	University of Vienna, Austria	y
87896	Bernhard Kittel	University of Vienna, Austria	n
87960	Yannis Theocharis	Bremen, Germany	n
87960	Spyros Kosmidis	Oxford, United Kingdom	y
88285	Thiago Nascimento da Silva	Universität Mannheim, Germany	y
88439	Jessica Sun	University of Michigan, USA	y
88439	Scott Tyson	University of Rochester, USA	n
88618	Max Schaub	WZB, Germany	y
88618	Johanna Gereke	MZES, Germany	n
88618	Delia Baldassarri	NYU, USA	n
89145	Livia Schubiger	Duke University, USA	y
89145	Michael Weintraub	Universidad de los Andes, Colombia	n
89145	Erica de Bruin	Hamilton College, USA	n
91144	Roman-Gabriel Olar	Trinity College Dublin, Ireland	y
91444	Saad Gulzar	Stanford University , USA. Standford, USA	n
91444	Miguel Rueda	Emory University, USA	n
91444	Nelson Ruiz	University of Oxford, United Kingdom	y
95372	Isabela Mares	Yale University , USA. Yale University, USA	y
95372	Ahmed Mohammed	Columbia University , USA. Columbia University, USA	n
95803	Steven Wilkinson	Yale University, USA	y
95803	Saumthira Jha	Stanford University, USA	n
